time,pelvis_tx,pelvis_ty,pelvis_tilt,hip_flexion_r,knee_angle_r,ankle_angle_r,hip_flexion_l,knee_angle_l,ankle_angle_l
0.0,0.0,0.033365790297938354,-0.040607567299058143,0.3544262465219588,-0.14636231510878306,-0.07180458862252509,-0.22002466054144953,-0.2690266727296127,0.14435320359838058
0.01,0.012,0.029319786127813243,-0.03037262737450868,0.3254545918193742,-0.14655578622606114,-0.030283880805724035,-0.10891858269529933,-0.34452338140426364,0.13242755087829985
0.02,0.024,0.030282848902787804,-0.027899184302347887,0.3026396866238051,0.004406698574658766,-0.06296842163757586,-0.21780584681437853,-0.1941716914180878,0.1349421022061674
0.03,0.036,0.03197534143706588,-0.02101081079400498,0.3602220915373612,-0.27528217766813523,-0.12193904340890169,-0.15713011407676353,-0.38965665983693637,0.1310580282366518
0.04,0.048,0.02639802335971153,-0.019074870107073042,0.27248180924030524,-0.10892225249612703,-0.06062186162932791,-0.16488369516679408,-0.382584778631555,0.06555386193643994
0.05,0.06,0.030842873697193556,-0.016880134567701603,0.3305119818240317,-0.17686223261932216,-0.07077390828651642,-0.18757287417584476,-0.35987301016884043,0.12197767620928407
0.06,0.072,0.029548231737068914,-0.006740908900312193,0.2820578010241788,-0.2569236067492965,-0.06653640635609269,-0.12079196427622688,-0.4606302376216448,0.007822253478263798
0.07,0.084,0.028362994382767973,-0.013252609852302722,0.3231365658051154,-0.23455764529410097,-0.02927662249314795,-0.18459658341793117,-0.560352261549703,0.022513391974260086
0.08,0.096,0.030835003552120266,-0.007272181820337964,0.2904524213352782,-0.2884686805389677,-0.0007691740687982181,-0.04949493065178516,-0.46783515272572523,-0.024856576403496394
0.09,0.108,0.030360531520989276,-0.002635099793742459,0.25842301643850196,-0.23700258013915507,0.012065975771503425,-0.1707452507435538,-0.6794363535034418,-0.13037227002963503
0.1,0.12,0.03133229453249244,-0.006118694514812409,0.34098277934287563,-0.3980068358797887,0.0015572321958915517,-0.014866485474930156,-0.6251759458059211,-0.1849550196001368
0.11,0.132,0.03273623820061311,-0.0008604380798287788,0.2124428647349387,-0.23430939083886762,0.05931659013360098,-0.05788240056801609,-0.7012350688959452,-0.2161630064438624
0.12,0.144,0.03147212760422949,-0.002222855717884257,0.27851299795267603,-0.3276867890959218,0.04404337873327674,-0.055251385838151645,-0.77430246044474,-0.38659045160239247
0.13,0.156,0.03532785707392581,0.002594737235765431,0.2578863883793958,-0.3871315180320336,0.05865882212220657,0.05180905852876878,-0.746703301434302,-0.29059359232011467
0.14,0.168,0.03305591995045845,-0.002194762614341204,0.22210798240489693,-0.26886715429421476,0.07069619096591444,0.017892738034215483,-0.9712355832826308,-0.34088234081238644
0.15,0.18,0.03382012369299069,0.0032652247014632084,0.2141944159665489,-0.32491504487371525,0.11300627844992508,0.033788334269981374,-0.7406616612327785,-0.3717948555401207
0.16,0.192,0.03775196941624549,0.00149368302258495,0.2119609312808002,-0.404541109270667,0.07412839528393274,0.1334532100888185,-1.1587885712021113,-0.3001616252672906
0.17,0.20400000000000001,0.03411625071743552,0.0025611879085864963,0.2123941811550656,-0.22465200404851318,0.11178092518707747,0.11361979401760766,-0.8398346760581852,-0.3025840996740183
0.18,0.216,0.03786572799221717,-0.0023029189283809044,0.13055782808547411,-0.3877262216670052,0.13169715099077528,0.09630151613606228,-1.157530722153313,-0.315767364749035
0.19,0.22799999999999998,0.03846835554499203,0.006340080648827147,0.1873524899268908,-0.26891002536748987,0.10911155568611372,0.26643867279787387,-1.046589539784895,-0.26638553053687064
0.2,0.24,0.03948222670999816,-0.0022338786307830685,0.15708744927804194,-0.3236758816751877,0.11342849556694254,0.12480195279067102,-1.1029274664493578,-0.22602167852581428
0.21,0.252,0.03946927966145675,-0.0027300751626688877,0.08103235081635571,-0.24937792378431858,0.14285680070375548,0.25206449723670643,-1.1384969966105771,-0.232248013393488
0.22,0.264,0.043568122694357364,0.0058991788003777395,0.12489011773405453,-0.2948594736142105,0.11468600042471691,0.2626668304089646,-1.1093936364838515,-0.20438562295765786
0.23,0.276,0.04247250416402459,-0.0064559759022081616,0.1230098683599925,-0.2729806443817853,0.10962695876744465,0.22392656445054643,-1.1198612442064746,-0.1227411200844286
0.24,0.288,0.04454073205524238,-0.0016002039823813717,0.013196150624651716,-0.18490490371178092,0.12870504931396964,0.31599761761577083,-1.082811608429429,-0.15928406105560203
0.25,0.3,0.046408091233970994,0.0004937231568865742,0.09186332932677187,-0.3321726001348405,0.13321866768671953,0.2536683723218926,-1.1050550955015843,-0.12053291718319194
0.26,0.312,0.04685230045263133,-0.0066945062827822735,0.05117866761493649,-0.12767061943729485,0.0926704042865163,0.3507703770415173,-0.9883912356876406,-0.038567734223630856
0.27,0.324,0.047708761305324233,-0.00561510126383228,-0.0016918580630751745,-0.2883798187006307,0.12640801993590484,0.2811464804056317,-1.0760134572080717,-0.11842889623508644
0.28,0.336,0.04929491509949515,-0.004112610191363275,0.017811022582457633,-0.1712788567976152,0.14673405812456258,0.33238343337094656,-0.9098768790740581,0.0007827350453089577
0.29,0.348,0.048430433378936266,-0.010158476741607882,0.014883839744708638,-0.1872289139912903,0.06671353244836925,0.3912171073755878,-0.9587990101712653,-0.05889292852879793
0.3,0.36,0.05114999438892691,-0.011236231530400605,-0.026918485935910084,-0.22080343480493694,0.1533089468582871,0.2680932594590941,-0.8917602223088079,-0.0023802802123377258
0.31,0.372,0.04795321477115359,-0.012809977920322983,-0.04652456142030742,-0.13814032958481665,0.1127343632531729,0.44116490696866845,-0.7829811976490495,-0.007546122115423842
0.32,0.384,0.05127459445098396,-0.014833867588442335,-0.0037563615470472753,-0.19895502666290105,0.1029793997726202,0.31971061403469925,-0.8305170848642542,-0.016360636882279424
0.33,0.396,0.04901326408785384,-0.02400350006395279,-0.06628165510644167,-0.14675119699660663,0.1257422900960962,0.40427774140883654,-0.6856144624458648,0.02968148570453366
0.34,0.40800000000000003,0.04864395226539395,-0.019796662448297857,-0.06836694136023076,-0.18287709106059075,0.12899952410024682,0.35094639232107666,-0.6301068933606558,-0.015945191304465842
0.35000000000000003,0.42000000000000004,0.04907708748549062,-0.029035750623457514,-0.04945982758146602,-0.12081670800904515,0.11515064787659525,0.4245821309661306,-0.6364333489973426,0.027387010305119457
0.36,0.432,0.047380204351024864,-0.033358436516628065,-0.0702753823184163,-0.18475278078581261,0.10841464034421147,0.3484779521559975,-0.4313119040202219,-0.03197270536925482
0.37,0.444,0.046709942761956905,-0.033126083738679216,-0.10035568962280725,-0.14833297227018513,0.17077958103682356,0.39210058864891245,-0.49076584166312925,0.0309560125896533
0.38,0.45599999999999996,0.04531650338022262,-0.04134853878839566,-0.08236941802847113,-0.1102808292910718,0.08409060809072107,0.39212227786454035,-0.30060088638433613,-0.03893537940014562
0.39,0.46799999999999997,0.044853569045230426,-0.041103434208185234,-0.08043918280114369,-0.21072726430872651,0.16253532999915765,0.3558071261694293,-0.29989318832142586,-0.006326351931915528
0.4,0.48,0.04217169941329194,-0.04452265465938078,-0.12475073080526666,-0.10320027420385022,0.14520068555657828,0.36595754126213914,-0.2072349365397925,0.007539359571425534
0.41000000000000003,0.492,0.041984623100688886,-0.047063607567636875,-0.12415473626083892,-0.16039419200383975,0.11488245370507535,0.36516775078069824,-0.10482705352086161,-0.011430584112512951
0.42,0.504,0.03940137394218404,-0.042274820596855334,-0.08945983455369635,-0.19455005706708067,0.18415283673870372,0.3540687791021293,-0.15550275606223324,-0.007936187053697873
0.43,0.516,0.038981758411934374,-0.05235930683394395,-0.15178392708123292,-0.10782544684938783,0.12274259071484118,0.32367214952435724,-0.01519156233699933,0.03972675652107844
0.44,0.528,0.03663808162690571,-0.03731692656600322,-0.1681301991430703,-0.23389573481923834,0.16525495272039703,0.3591997364343669,-0.027344217235849406,0.025448705255561147
0.45,0.54,0.03536369217491804,-0.04888908536486997,-0.08991093377693708,-0.1497072036173849,0.1635086498675227,0.3338016630314639,-0.08315491693389451,-0.02042646071291524
0.46,0.552,0.03554631315870828,-0.039479653280075105,-0.19448614564936317,-0.21669033579840408,0.12484046967678075,0.32568532961577473,0.030363466449932243,0.06448660913437575
0.47000000000000003,0.5640000000000001,0.03161190705075786,-0.03675829091868561,-0.16925252169605876,-0.23408563059453907,0.19747236691312034,0.3256513334615181,-0.07834152181042099,-0.024177656636724172
0.48,0.576,0.033576410674912696,-0.04153396382036702,-0.12954980892323503,-0.2226257877307305,0.10399195977992925,0.3925131949638656,-0.0775916256023977,-0.05603769342204919
0.49,0.588,0.030690656499893887,-0.027210718937303917,-0.17741983027518038,-0.27938906126572033,0.17230050490808355,0.24094262370120856,-0.1015821624516634,-0.00721245182003525
0.5,0.6,0.030062801048174423,-0.032572577798058805,-0.21165533292093414,-0.30152262809286984,0.13189099243074684,0.4222117008990609,-0.08141407180613014,-0.08893797773661319
0.51,0.612,0.03098838336162743,-0.023068412734680178,-0.11451621126633403,-0.28769351849017427,0.10067656593975513,0.2646480787301307,-0.20226642568157865,-0.0911323997886681
0.52,0.624,0.028098551803516426,-0.01833253635915176,-0.21040508528806479,-0.4123633370310629,0.13184490948087468,0.31929643036544814,-0.10749103056139306,-0.0701882708590546
0.53,0.636,0.03004670241346087,-0.017421895462589897,-0.15900627467358336,-0.31389929815941403,0.0696160129309403,0.33697970332593974,-0.21483646531731565,-0.07626973637098278
0.54,0.648,0.029321342622902702,-0.010858455184767789,-0.1709641921813081,-0.5336514160048323,0.05435453657461904,0.26243093511371446,-0.1831348072439814,-0.07244666184217775
0.55,0.66,0.028676492245900048,-0.011083577505712022,-0.1062575864317521,-0.40087098170587804,0.027969709386742623,0.3350325882080151,-0.29020949012878666,-0.04424809576120289
0.56,0.672,0.029896873489639243,-0.005987404463345292,-0.15293988790604476,-0.5840078594907585,-0.017305269812820476,0.28134153887475,-0.21744363003665612,0.018784788134522667
0.5700000000000001,0.684,0.03204546124422265,-0.009454070262373451,-0.13164380814294652,-0.6163071515145246,-0.1086497246204531,0.2973104121743549,-0.29720274738175007,-0.03225528550225995
0.58,0.696,0.0277719412921554,-0.00043429976380481884,0.02097176392304713,-0.5720425214051426,-0.12491162841953124,0.28133365751720124,-0.35334906537859323,0.023483560642231865
0.59,0.708,0.035471841045942296,-0.002959120571688834,-0.16389076138345265,-0.7580017122410159,-0.2682932653920463,0.2771255648745683,-0.21930681376415256,0.06545797384197835
0.6,0.72,0.030735743119002745,-0.005060724229492088,0.008306116601704959,-0.7053094629016066,-0.2958419845475668,0.2519237728923211,-0.4026901247979572,0.00014340308729113294
0.61,0.732,0.03310914053830692,0.005963237366117987,0.054380933388152634,-0.7835914860182247,-0.34414371375257025,0.2638339465745543,-0.2697986506673581,0.0870406149460164
0.62,0.744,0.03492992668423111,-0.004034031871504491,-0.06765170873751032,-0.8383281572671532,-0.3301003138846895,0.21943233730211972,-0.3692464243856729,0.07259104674975089
0.63,0.756,0.034013065078049444,0.00295291743856112,0.1032051808959944,-0.9408974051574946,-0.3580140364396342,0.25270284149807715,-0.29528194130699525,0.0715803131641624
0.64,0.768,0.03467026821239142,0.0023449203508798333,0.09356908745453169,-0.8664808249445671,-0.31517697900287817,0.17154805020672306,-0.33177810015784287,0.10671705504755095
0.65,0.78,0.03643800711723943,0.0012699104854309235,0.0887908017317751,-1.0822447553515198,-0.30449982906595485,0.23243573754315086,-0.39527457188625525,0.10321275427115795
0.66,0.792,0.037362920975606104,0.000997830471753225,0.1255565897101097,-0.9713263700734878,-0.31819751247046196,0.16964319734996908,-0.1784587225536371,0.11414568779448125
0.67,0.804,0.036326726473056535,0.001140197786874407,0.20710550419149615,-1.13536518456782,-0.2590546930658473,0.1383063342936651,-0.4525136539607877,0.11488453475310759
0.68,0.8160000000000001,0.04051254212607975,0.002573432155595507,0.1947996205174613,-1.0345941151917488,-0.25307960204310787,0.18767676282046897,-0.2372473826414832,0.13489755401494088
0.6900000000000001,0.8280000000000001,0.03949212578514753,-0.0026430408046790458,0.1410632850353297,-1.185920240402578,-0.24622450596773293,0.11009677352784479,-0.24257962042574646,0.10061945009144115
0.7000000000000001,0.8400000000000001,0.041560370588544934,0.0003517289297145151,0.352687823695223,-1.0817014206744273,-0.1767955349065989,0.09345541458229722,-0.37140320551685385,0.15802315914881665
0.71,0.852,0.04309865724964339,0.0016687990109129339,0.17768069290362337,-1.1076176882378288,-0.18092567681407346,0.12122312426224413,-0.19239181546228762,0.07543432990560148
0.72,0.864,0.04410851557052189,-0.006837266955499372,0.28770542618456746,-1.1441492957367867,-0.15354344325124178,0.0926858914217036,-0.2597340797340283,0.16316881581595302
0.73,0.876,0.04582409770145348,0.0013893413804180396,0.29594079504899395,-1.04762614884435,-0.09334987364284017,-0.008302468809510036,-0.26639417924581743,0.09435418680218584
0.74,0.888,0.04592332112992507,-0.0046466364811644355,0.33340285776494016,-1.0464669878743262,-0.09908093056686552,0.1290781478129786,-0.2110363749393447,0.12297364728085951
0.75,0.8999999999999999,0.048551881886630954,-0.005769806870314949,0.23801234532861096,-1.0626471103442388,-0.09161679053273224,-0.005564129993431713,-0.21160486834998316,0.12784325388046744
0.76,0.9119999999999999,0.04803390363317937,-0.005779063688936308,0.3920952068695668,-0.9302651126795018,0.012093993822462783,-0.008544504760554485,-0.21940587856589597,0.11163819110520451
0.77,0.9239999999999999,0.0487929882209421,-0.0065089019518428295,0.3372731763868866,-0.9735356983077578,-0.1068324883884959,0.03440196687573947,-0.1991674088687185,0.10841490673732677
0.78,0.9359999999999999,0.05069083401091775,-0.012411216414924753,0.2894024731825798,-0.8856383825857361,0.03547115753613492,0.010326858089311221,-0.18417775027363248,0.14416269890611835
0.79,0.948,0.04816330421001257,-0.012022637528401848,0.4175386169381444,-0.8317640612836347,-0.04243204719846771,-0.10408425360926599,-0.15723209303221408,0.07612775163307703
0.8,0.96,0.051585891949839854,-0.013068917151515097,0.3515006306473778,-0.8098321233122193,0.0038389379004941746,0.0392278718387654,-0.24814878830957487,0.15982554141595304
0.81,0.972,0.04804668634612808,-0.022885764968346343,0.3487444628261554,-0.7288087107987999,-0.004534767806245059,-0.04849030836745161,-0.04682713059636569,0.09093527085204554
0.8200000000000001,0.984,0.04989279874356084,-0.01961690485468321,0.41055500501293346,-0.6452324442931222,0.02229561688076079,-0.11992288602122639,-0.28672078776565624,0.1168667593116962
0.8300000000000001,0.996,0.049178920961077635,-0.02547133038125193,0.36310091334965094,-0.6546653418099995,0.002772368451071985,-0.004753501167473882,-0.07449304019773428,0.15856541601877483
0.84,1.008,0.046407218093211716,-0.03466182607470936,0.400786282642249,-0.4849877515677236,-0.025656888871316112,-0.054515501442664975,-0.1627612286688995,0.067953384401616
0.85,1.02,0.04858408044086633,-0.029970379652920445,0.3631951263689239,-0.4302612412272449,0.052407681040836686,-0.16909173296440067,-0.2022492659599286,0.17755955927319578
0.86,1.032,0.04512557623790919,-0.04029043257232251,0.3769318826102665,-0.4715945619209924,-0.08008981181268099,0.005570379550371873,-0.08755181888281682,0.10463958267340177
0.87,1.044,0.04446550627909887,-0.042695651814231995,0.42384684635399916,-0.15281145541446517,0.03870663883236722,-0.12100377274027302,-0.16696332094227284,0.13555951437243116
0.88,1.056,0.044044249657884685,-0.04250806887982424,0.2783188880480505,-0.3308609711788831,-0.03722552517594465,-0.1481955689481619,-0.19357656800488998,0.14938489529197277
0.89,1.068,0.041100528482809096,-0.04405495330574037,0.4360556371908082,-0.13229265652195418,0.01760370735104702,-0.04546934299329865,-0.07897132280084163,0.13378784219697343
0.9,1.08,0.0409307736210403,-0.051893032377655,0.33299022810995876,-0.08029583677369583,-0.010809946380151009,-0.15713996426277463,-0.21072470747124533,0.15246244712800605
0.91,1.092,0.03851451583443347,-0.03945798712569164,0.3124119408928806,-0.07358048454016586,0.017020607882518208,-0.12992209477432126,-0.1545266646059483,0.14433200619592854
0.92,1.104,0.03734078610196109,-0.04910539702038838,0.37499018311138516,-0.1004547754111797,0.03825494224771407,-0.12938881892335552,-0.14815242178090565,0.15976395464023058
0.93,1.116,0.036885174471640504,-0.04563824570876324,0.34385026369891203,0.0808626481487901,-0.0025314260538459206,-0.13687578156090735,-0.2237315356620979,0.15390033200334277
0.9400000000000001,1.1280000000000001,0.03337344052764588,-0.03643405665889257,0.28445003488382303,-0.11322184971727017,0.01619252496512606,-0.17751392992014806,-0.14405637742641106,0.1428955490371516
0.9500000000000001,1.1400000000000001,0.034616065172797195,-0.04668019409997245,0.40051818992290755,-0.04219301422676239,0.042090478594176084,-0.1375632667980786,-0.2965914866811912,0.17529308175444092
0.96,1.152,0.032800348459143217,-0.03326390338008982,0.28851639217682473,0.007855748380221947,-0.08150971680961647,-0.16276798629702527,-0.15098727003081241,0.1324321847279138
0.97,1.164,0.02931341268961206,-0.03323797694361021,0.36216918291362893,-0.21165987507539918,-0.017685643743213693,-0.1866116619926383,-0.3141151643481144,0.14715281245318154
0.98,1.176,0.032250815750180746,-0.02729026907523443,0.3133527624581558,-0.03835372628628289,-0.07821160894192526,-0.15559875536844597,-0.3486211384954224,0.13448179332308052
0.99,1.188,0.028896400209375853,-0.02245531181527991,0.30654455140738074,-0.18554972230046368,-0.09402282182942337,-0.17489264179743155,-0.20793639858896026,0.1160210711999852
1.0,1.2,0.028493514563600466,-0.017460552241400046,0.3484319667617072,-0.17291688461728794,-0.1036451006522809,-0.2011940019187314,-0.4925440707454569,0.08900967670223665
1.01,1.212,0.03118273718618594,-0.016766990429801273,0.257630201633085,-0.14616106416654792,-0.015701553127130743,-0.10437830401041744,-0.3414173904893128,0.09631833147842056
1.02,1.224,0.027137384075244724,-0.008379390539579378,0.3322822827757754,-0.29788663698567974,-0.12525223544119574,-0.23434455228136325,-0.4493731432267815,0.029214971809620908
1.03,1.236,0.031414928675163864,-0.012196250749770956,0.30416503998963157,-0.16495030890107848,0.02022919627362883,-0.05906933320513098,-0.531706899283868,0.016401795408848292
1.04,1.248,0.02817482172668031,-0.006528482387453745,0.28069577105658666,-0.34420071272454766,-0.03004945384540994,-0.17181978074491078,-0.5436430404721292,-0.041136132816942866
1.05,1.26,0.03230190538964656,-0.0042104970894126445,0.28581312873807235,-0.24658303732519032,0.019991623874788866,-0.06317627911136696,-0.609479355626072,-0.10507362859193856
1.06,1.2719999999999998,0.0305856503240828,-0.005078048782808287,0.31159497443780393,-0.33550485882852743,0.005607202996328997,-0.09612864621160623,-0.6363293165734698,-0.1862146389095875
1.07,1.2839999999999998,0.0313615527518279,-0.0018357728365088243,0.23035977081828538,-0.27654287602836447,0.05425163665708579,-0.01584629758882556,-0.7567969231193967,-0.26207668987565946
1.08,1.2959999999999998,0.035210201323320596,0.0006712993748986366,0.27479296903678024,-0.35727602127556835,0.046659054170818566,-0.050588780468694874,-0.6738958847096675,-0.31196777289534755
1.0899999999999999,1.3079999999999998,0.030830420439083454,-0.0033343003963073646,0.2588710440959407,-0.3203987674046651,0.054964137288415336,0.008732372161892616,-0.8837804066829518,-0.33977729326199035
1.1,1.3199999999999998,0.035622398098273805,0.005570009590717829,0.2076126971714945,-0.2852912984876283,0.0782252100538324,0.07545810854707133,-0.7823683151231411,-0.36054465845950645
1.1099999999999999,1.3319999999999999,0.034571097123546585,-0.0038598510338709474,0.24501919467601668,-0.40356138242341194,0.1035987862747881,-0.01558757026606921,-0.9838497890768849,-0.2924947665800724
1.1199999999999999,1.3439999999999999,0.035049566466755194,0.006262496430577839,0.1842112930785003,-0.27568841260409754,0.08360249522423001,0.17283856242095202,-0.9006817374910516,-0.38541368280440624
1.13,1.3559999999999999,0.03596796882143672,0.00028759142408825845,0.21070345736890833,-0.32353254882008,0.09791648752071913,0.0655615168932096,-1.0546624155424462,-0.25864544598618017
1.14,1.3679999999999999,0.03832439411150685,-0.001769677290571001,0.1660402266470279,-0.34553182955276657,0.158011244074556,0.16756524220883512,-1.0102608464213234,-0.3173133783411184
1.15,1.38,0.03677625105831631,0.006767266906921536,0.14724439819407104,-0.3006257850233677,0.06730706406347936,0.1857229588773102,-1.1524638982395945,-0.27345557815846927
1.16,1.392,0.04038596668128415,-0.003079331207378626,0.1638198750856191,-0.24992994567045745,0.16492580066601514,0.17803856587323857,-1.0061126934481,-0.2346148278349632
1.17,1.404,0.03998108000989691,-0.0016956795477079663,0.1143065973463721,-0.35666329664139806,0.08988381639956458,0.25342230957412787,-1.211804404822704,-0.21830868099869669
1.18,1.416,0.04274691670451906,0.004375581393850355,0.08834326571006944,-0.2117303755610364,0.1668942822635801,0.21623144170069022,-1.1149009376822034,-0.19790594629126473
1.19,1.428,0.04256900122621938,-0.0038074005157512974,0.11732181522780867,-0.29491698602791727,0.05524394272096009,0.27869603374069046,-1.0027159295104142,-0.15524432429480375
1.2,1.44,0.04465825255425606,-0.005392721180303848,0.06714636602269167,-0.2023250435510198,0.18425822701767247,0.28040071489172924,-1.273796810724866,-0.1242493124574997
1.21,1.452,0.04738497054056936,0.0040839097225743685,0.03291402452612225,-0.3182662145873879,0.08671360459431172,0.2757665157693226,-0.9235607925723063,-0.13065690097068217
1.22,1.464,0.04459246056983381,-0.008102933771170417,0.06402765286659523,-0.13479007240092472,0.11714889739077812,0.3173106125958612,-1.1032571781765759,-0.05757640208148222
1.23,1.476,0.0497936666061542,-0.00716701369048545,0.04122404609115855,-0.24832212183800764,0.12804216851909964,0.33546379694255996,-1.0201828727044924,-0.08913686053838456
1.24,1.488,0.04886081731954444,-0.0009615143879562402,-0.04392124928792462,-0.2677722983202319,0.12802283856338295,0.27905035732163086,-0.9458487978650357,-0.01860491458536611
1.25,1.5,0.04749096693174428,-0.012548596430500894,0.052423030774774775,-0.07423570214896787,0.0870316945568074,0.40874655913287417,-0.9308142482721947,-0.05462399850051121
1.26,1.512,0.051757341814486456,-0.01103188379189973,-0.028878955469363178,-0.2728172001688478,0.14385151686199257,0.3044287081888748,-0.8835614366570068,0.0009595701583652513
1.27,1.524,0.048748318944273984,-0.010869928798384054,-0.06472479642763908,-0.18977658316463697,0.10591853950127082,0.35966512411304263,-0.8507160009490445,-0.008536408400359225
1.28,1.536,0.04993848872021849,-0.01852871703428096,0.024101452559583257,-0.0745733706416245,0.12511076490053638,0.4237804716061123,-0.7288977064813463,-0.02440477668961583
1.29,1.548,0.04912396010720169,-0.01849583456077275,-0.10957013316067553,-0.27238140924294163,0.09452252952344782,0.3004389505527766,-0.7573960295049357,0.04685495248342147
1.3,1.56,0.05034416674074395,-0.026736316970731443,-0.012155480523513916,-0.10596750320035277,0.16012518175636223,0.4325916415651734,-0.6374486731940509,-0.02930237542023106
1.31,1.572,0.04683037230250421,-0.02272407376093178,-0.08513786707462971,-0.14605882717479085,0.08933384696775465,0.385834087804014,-0.549781607244729,0.009718667632703923
1.3199999999999998,1.5839999999999999,0.04850244860609948,-0.0360326437144754,-0.099054612870715,-0.19160921740913633,0.13510180470109034,0.33921042846441996,-0.5628688288363022,0.04083054719729135
1.33,1.5959999999999999,0.047023306043108615,-0.03538821371561688,-0.002148297128165527,-0.11912011390521074,0.12891361116561215,0.42262900019638117,-0.3482679690856819,-0.089822744969943
1.3399999999999999,1.6079999999999999,0.044707476753665445,-0.03633584402322304,-0.19687296313100844,-0.16504063604896008,0.1467342932891613,0.38881186605956003,-0.4321141551176641,0.08341275553220395
1.35,1.6199999999999999,0.04463613624560263,-0.04452487258370421,-0.01810964443255056,-0.13192253769898468,0.09699940430702234,0.3019196960239075,-0.2028962782765788,-0.07565244375507443
1.3599999999999999,1.632,0.04313906806643414,-0.0460096263181075,-0.11461971259317545,-0.19123602273046642,0.17975283242327986,0.4558947137250416,-0.24154186115890097,0.006819125564084785
1.37,1.644,0.0412043005472601,-0.040162082780084415,-0.1651442295870877,-0.08393871556798456,0.13259469653070657,0.2962162535474194,-0.14094909088783922,0.026318418936348474
1.38,1.656,0.03935057042781034,-0.053172767096072465,-0.06910494040410284,-0.23897135981843554,0.12790203580218065,0.36307355031448774,-0.08460708314716332,-0.036920488331826054
1.39,1.668,0.03974291043062333,-0.03922002134211365,-0.14722508891458794,-0.11604258712035298,0.17789182182453744,0.359088355739673,-0.06033692521619767,0.04899144220532543
1.4,1.68,0.035460903345037396,-0.05066717694312893,-0.15849862704685438,-0.1610700154579837,0.1431797152476654,0.32711876543086416,-0.04143522849277531,0.0072702836392117744
1.41,1.692,0.03713498368652769,-0.03845610621310094,-0.13953264502493273,-0.2666804649673235,0.15227842142784567,0.3389408130935747,-0.034623159696044056,0.032281913147602134
1.42,1.704,0.03276784274034904,-0.0434999019139893,-0.12975684573493368,-0.1185586726584673,0.14638717673911705,0.32112206916557445,0.00360155462348382,-0.006611078899037353
1.43,1.716,0.03523632732811453,-0.04032492235099684,-0.20268398296509532,-0.24283461492286162,0.18445905608714863,0.3718305958356769,-0.10245237387688895,0.01930874086649869
1.44,1.7279999999999998,0.030163034005390374,-0.03332267828112459,-0.1360087057203654,-0.32000429825713883,0.10733956854205562,0.2996734471607374,-0.02830941856150753,-0.0448897072373118
1.45,1.7399999999999998,0.03256918149009751,-0.034808385366770445,-0.1750880337999638,-0.13667155577786375,0.1737880289907517,0.33911145566608497,-0.12601940917896684,-0.052832540645117027
1.46,1.7519999999999998,0.030335433882536844,-0.02897800001129548,-0.1624598592902658,-0.4012897144820079,0.12085323819232915,0.3627931365645545,-0.10482824893232445,-0.05184463994524859
1.47,1.7639999999999998,0.0290902777493083,-0.02353652338398071,-0.2132018293791344,-0.26870007543803665,0.13063002643063099,0.28132410321171036,-0.15095053670013575,-0.09953076606810474
1.48,1.7759999999999998,0.030328739004322387,-0.01759776213830503,-0.10592447347890123,-0.384812474827169,0.0878511348661043,0.31657771841594323,-0.15385497228957148,-0.07531900350694704
1.49,1.7879999999999998,0.02874351983402902,-0.020604231848102,-0.2388876681043653,-0.3394802744630331,0.10447476645076288,0.3443371998063091,-0.18491652799384858,-0.07677625622813827
1.5,1.7999999999999998,0.02919382558703094,-0.005953541498540806,-0.10414929078505648,-0.5071931393325368,0.04775215779042576,0.2638643829780214,-0.20533140272108558,-0.07415457734260598
1.51,1.8119999999999998,0.029693451349379202,-0.015649762707884478,-0.1780028140539927,-0.4737797943016036,0.015473222033878003,0.30432605329930906,-0.27423748941349746,-0.016271777463123447
1.52,1.8239999999999998,0.029219766453219057,-0.0027944567302797983,-0.10167060851192698,-0.44882978276217833,-0.017645483889957396,0.33358172338855263,-0.2091357110179957,-0.03712781947725656
1.53,1.8359999999999999,0.03140443629456188,-0.011742999734593059,-0.10423694797326467,-0.7578904482144334,-0.07303925488095551,0.2561827665911993,-0.34603585235468004,0.0161675884388532
1.54,1.8479999999999999,0.029545515421507663,0.0017187299455326153,-0.10544703518258026,-0.5020078855518824,-0.1868064245997602,0.2922995997007878,-0.27686331383017476,0.022571728203974288
1.5499999999999998,1.8599999999999999,0.033920358822857655,-0.005227481074115743,-0.002213739469122518,-0.7431714537451841,-0.20573950451450412,0.27877989781669615,-0.2862042309302742,0.01798673337494247
1.56,1.8719999999999999,0.030682698194741374,-0.0025672748254458788,-0.08581763102395566,-0.7376570643396764,-0.3496972986608703,0.26875925285793534,-0.3713471162389341,0.055025212038963475
1.5699999999999998,1.884,0.034836229375453096,0.002942808985874825,0.035653701533099186,-0.8012111859337916,-0.28306412000218095,0.22263927791750832,-0.2762067008126136,0.06446643400598366
1.58,1.896,0.032959299250812854,-0.0006557809314361838,0.010739034321450118,-0.7849277977656562,-0.4117640377899466,0.26157229277711724,-0.35760317741537084,0.06413939293775707
1.5899999999999999,1.908,0.03454163200372254,0.0005122243454238166,0.054183824164103896,-0.9537870079155365,-0.27529852899782375,0.2284480041746228,-0.31968499110904086,0.07692786321091868
1.6,1.92,0.03608262239931414,0.0022196965524670445,0.08271069586926193,-0.9318248771475981,-0.354763319625663,0.1872420080296382,-0.32848647900044553,0.12744023486933792
1.6099999999999999,1.932,0.03396585135663419,0.004237300831278731,0.11388649168338215,-0.9967386284200511,-0.3334660960039834,0.2076371203790896,-0.3313588144172049,0.07201197974429639
1.62,1.944,0.039734140863007944,-0.0032697128282815017,0.13352546973005983,-0.9859245613135174,-0.24579230529690602,0.19568230949894683,-0.31954884985177423,0.12124043799262124
1.63,1.956,0.03444362329681877,0.004814459488339093,0.18799128618667332,-1.2040987210760974,-0.31605486243221514,0.13957789226816653,-0.27693194337279003,0.14419449858448236
1.6400000000000001,1.968,0.042204829272021856,0.00024229921475238338,0.15616010777482178,-0.9719523561253268,-0.2539184413289279,0.15354302177694473,-0.3846957735448005,0.09394473211765436
1.65,1.98,0.03785265213252039,-0.0017031026714833257,0.26474450080852574,-1.1510136901028634,-0.19504892948100241,0.13761966621822627,-0.15834083109734282,0.11792377023666706
1.6600000000000001,1.992,0.04274880894913176,0.0016274986246910539,0.20274682543911862,-1.2009829808049532,-0.2337983672094983,0.11578449646134183,-0.3996828328995522,0.17448176587201394
1.67,2.004,0.04276568361278251,-0.0032424942179928784,0.2670343594986637,-1.0060144958014163,-0.1587043986428957,0.06397206372587974,-0.1974950483009183,0.04655987482587577
1.68,2.016,0.04379183132045013,0.0013976890856850074,0.27962029489910123,-1.158974532950657,-0.13252425808137114,0.1124385312211025,-0.2268515036134446,0.1770399791192215
1.69,2.028,0.04615569289461278,-0.006724409021243812,0.28778797568237224,-1.0736162122643191,-0.13714026273656013,0.0605572176710201,-0.33754790215228764,0.10295846937008413
1.7,2.04,0.04591174764232966,-0.0008987790554444916,0.2840277259875213,-1.0831229656674675,-0.06154247019039537,0.011911278166188345,-0.10542016354370956,0.10544698581224106
1.71,2.0519999999999996,0.048500994998573584,-0.004389961400649189,0.3452496544662203,-0.9314083195653805,-0.100973472933533,0.05867358019763219,-0.3144290054570762,0.13808072469110844
1.72,2.064,0.04777357099836761,-0.008380798599706736,0.2952348758995116,-1.0713361497709297,-0.01611727208718969,0.03277545492594963,-0.16818126779775056,0.11294111503867463
1.73,2.0759999999999996,0.04934980374750509,-0.007203172009641541,0.36378790798109367,-0.9300704983523228,-0.04609326187871789,-0.05127598394322997,-0.18372274448017906,0.10240676551112807
1.74,2.088,0.05006683667385566,-0.008457417949356921,0.3315983513582172,-0.8236510218480451,-0.03852920028363094,0.0276922525262251,-0.22684890194142854,0.1452356555322713
1.75,2.0999999999999996,0.048893722060960626,-0.014435313818648562,0.3452968875918806,-0.8999245856146094,0.01899425253371218,-0.015734130264790244,-0.15196002982574763,0.08796516940214401
1.76,2.112,0.050538421009243835,-0.016345062030717252,0.43306937860123074,-0.8295390436212056,-0.026397125607572344,-0.0709173636861378,-0.17943209585521022,0.129915487761429
1.77,2.1239999999999997,0.04911216017849955,-0.015457492737053154,0.25263758043667783,-0.6308979556123211,-0.008973275600037871,-0.028724808006062745,-0.1719455458180373,0.13711123493134678
1.78,2.136,0.04981163067573959,-0.02519910414371375,0.5110412862910262,-0.7324887145719317,0.05533282861035886,-0.039068857233715955,-0.15415682408995116,0.06832879342995085
1.79,2.1479999999999997,0.04752080892020393,-0.025956182275678988,0.30261312417441083,-0.6399449435836382,-0.05322970221174167,-0.07600828173683065,-0.1777574971981501,0.18742261259147686
1.7999999999999998,2.16,0.04915344598819592,-0.02991993814525231,0.38807053872605785,-0.4494065233112553,0.04812456843779676,-0.10645085777081494,-0.0932582015688566,0.07330946588620477
1.81,2.1719999999999997,0.0466057721361876,-0.03350194427353416,0.4155126252817497,-0.4586387913151816,-0.025884325907577783,-0.00029072344508593306,-0.25042356909051355,0.1451081098192013
1.8199999999999998,2.184,0.04494672248356643,-0.041016383823693735,0.3672547110411466,-0.4657014520595278,-0.018644661928582183,-0.15924967576781926,-0.0542356805841088,0.13891304973078733
1.83,2.1959999999999997,0.046371278261626826,-0.040072481230877886,0.34942268630727547,-0.1673672831097992,0.007481687950604913,-0.07198173943378043,-0.18476243168915238,0.12254348271543124
1.8399999999999999,2.208,0.04207762446571783,-0.04221580837122567,0.3782246449548749,-0.2934770009381458,-0.02698182086468584,-0.08317713264943125,-0.183963484266329,0.1382046537368984
1.85,2.2199999999999998,0.04208924474749098,-0.049369242961859704,0.41789355149794466,-0.15719245283395566,0.005736198526208763,-0.12883049627731955,-0.09811431944166733,0.15370469099196601
1.8599999999999999,2.232,0.04044572295963849,-0.04412530994173206,0.22910578168765533,-0.10060757256292936,0.011302742673137904,-0.1383695407938041,-0.1749899310937625,0.139916901502827
1.87,2.2439999999999998,0.03934911717446932,-0.0448134102174646,0.46118409410144257,-0.04569312801654421,0.002110462064451025,-0.08561001767438856,-0.184092057899709,0.14668311458040414
1.88,2.2560000000000002,0.03649594811705254,-0.049761075651324455,0.30075419160333233,-0.048407393749327066,0.025661517859300764,-0.17837997337401473,-0.16449262122848665,0.16023347630512844
1.8900000000000001,2.268,0.03644200609043975,-0.03842290652744594,0.3004467571935825,-0.08309233961147659,0.02670409944297337,-0.12365946807016562,-0.1431732567552001,0.15533186036439242
1.9,2.2800000000000002,0.035409123887673345,-0.047765991112202456,0.38092631431974855,0.0707895656056311,0.012279005213601065,-0.16562013692924057,-0.26214338793683456,0.14302234164714442
1.9100000000000001,2.292,0.032809457199097884,-0.03583930892880659,0.3403037134347705,-0.09611219940979948,-0.00958644518333194,-0.14272088844140718,-0.19418595712122694,0.16938953198074602
1.92,2.304,0.03196065921756075,-0.038604736887983146,0.2924958294444439,-0.13168894463097996,0.004651139048099773,-0.17684807919838996,-0.19873606906445968,0.14050330152217852
1.93,2.316,0.033035108347018255,-0.035724515203589345,0.3651387231580139,0.02708272848868183,-0.0795686011464792,-0.1643931266496139,-0.32638455268145716,0.14496157807436338
1.94,2.328,0.0283650183353951,-0.01984295142856131,0.3428866863603277,-0.20734988568274557,-0.07810362033653269,-0.17158228345102988,-0.2880544010955557,0.130374141839534
1.95,2.34,0.029689473521247685,-0.028113015123003564,0.2661863630067884,-0.17918250379197848,-0.05657221777342148,-0.17488523430450387,-0.30975810054936315,0.1151136519256896
1.96,2.352,0.03149180449122848,-0.01884429043551716,0.3538786698732573,-0.06431503707840314,-0.11808723236137099,-0.17192249834671786,-0.35835228059904994,0.10536268838143449
1.97,2.364,0.026658804734062607,-0.009367503654208794,0.2884345184512248,-0.2555173620775211,-0.05643826312019778,-0.1756039379764337,-0.47297238264407593,0.07165435844643095
1.98,2.376,0.030532342239471325,-0.015503500805643682,0.3136354738633228,-0.2515973023354614,-0.057449565491271004,-0.1334736767888503,-0.38060324779940713,0.038287915084889074
1.99,2.388,0.029720308941221508,-0.01070857527496915,0.2782151675191444,-0.17151495050430188,-0.022002794212001624,-0.14209037458322601,-0.4950975248598782,0.04106632800130372
2.0,2.4,0.029323039728479015,-0.002815851675124658,0.3183986544374617,-0.3260360023601856,-0.030062791808604064,-0.15572912792569268,-0.667054048989219,-0.08966878576783768
2.01,2.412,0.03117449879687909,-0.008535518547104664,0.2991683232928339,-0.2889337268242019,0.02726323686890813,-0.013015031298992133,-0.4689112018588676,-0.06629846325372413
2.02,2.424,0.030433814488877,-0.003092251528160308,0.2338718704227872,-0.2950593380597098,0.03379197365296324,-0.15318848969743715,-0.7361125832514409,-0.18848685456352055
2.03,2.436,0.03427379408552801,-0.0028918630371056234,0.3118160769708235,-0.2970640297483021,-0.010627154832469544,-0.01681495764760067,-0.6932149976819391,-0.2895186912643741
2.04,2.448,0.030108523350786967,0.003023091060670086,0.26064275885934146,-0.343001838862748,0.10981604074329243,0.016488494343791283,-0.7505004933240887,-0.2882870001031423
2.05,2.46,0.03547226147781696,-0.00514302130589294,0.2010509365589512,-0.3500331412502073,0.026270312895500525,-0.07113913699400225,-0.7668650946982652,-0.33484037912079245
2.06,2.472,0.03373780174180264,0.0017413856619918015,0.27545162399981743,-0.2397020599031642,0.07694307154973586,0.10945382055395034,-0.907304778086532,-0.383681644844156
2.07,2.484,0.03383968230201012,0.007460054520043497,0.22335425248809837,-0.4513693755563011,0.10997620569593364,0.007426992821251838,-0.906070887892995,-0.2850350817828208
2.08,2.496,0.03643239862067583,-0.006747118379827978,0.16613221866920871,-0.22782196730289508,0.0798380769369246,0.1258513294362765,-0.9220615714588032,-0.35850692146534
2.09,2.508,0.035315310593644754,0.0055784613648840985,0.22005011274123393,-0.3823889228745218,0.11641643179987939,0.10212773411591819,-1.0345522163318337,-0.30042231309774053
2.1,2.52,0.0386982044797102,0.0044070820021056565,0.19273132443542626,-0.278267008717549,0.11221686128190093,0.15180463830911536,-1.090381331525141,-0.29870766249307495
2.11,2.532,0.03563532657663412,-0.00443113406020292,0.10496873808946323,-0.3484883686708025,0.12289211690185486,0.18028524567242563,-1.0173584364071553,-0.2546963841536845
2.12,2.5439999999999996,0.04201705842159318,0.002156838200270901,0.18682280937939483,-0.2453316610022655,0.13186298952102135,0.21362455244322207,-1.118786158998335,-0.2625785653935617
2.13,2.556,0.03948703162181299,0.00422923473839028,0.11923188504464854,-0.3332546412185318,0.09157868792693158,0.18315929017189372,-1.2033273999004197,-0.22404789274594322
2.14,2.5679999999999996,0.04109673780793554,-0.0077608556710980735,0.069494571051912,-0.22112219160300117,0.16921458693330185,0.29365599789193536,-1.0035915365524628,-0.14672168217018994
2.15,2.58,0.045230966636623106,0.005164007548590553,0.14494810864844127,-0.3129312848852114,0.08215256984909465,0.24805322136680946,-1.1793440587562969,-0.21678083351947194
2.16,2.5919999999999996,0.04336173251756444,-0.0066634474713477025,0.020849457538485314,-0.20234080046833497,0.12640115548893865,0.23264325376324596,-1.0999868898844218,-0.1028140093387555
2.17,2.6039999999999996,0.04609757368171794,0.0011760188120089644,0.09266056567653354,-0.24042279865630867,0.14546605007162283,0.36967173112172524,-1.064057326931647,-0.09235691042032995
2.1799999999999997,2.6159999999999997,0.04728537371016638,-0.0074306378484096745,0.02938506429811831,-0.28526732075459466,0.08433908269741634,0.2552815279915282,-0.9892285042594964,-0.1295566752374792
2.19,2.6279999999999997,0.04802468231558204,-0.0033180117315369786,0.010969523765323782,-0.1166765320929662,0.13775149408506857,0.30772162362090333,-1.117006483998854,-0.027739917657218623
2.2,2.6399999999999997,0.04851790859015968,-0.005996443657901479,0.04110375440810358,-0.2781505484716504,0.12068552286453045,0.3865709366435336,-0.8763530341371458,-0.0445512079769325
2.21,2.6519999999999997,0.049060967547901665,-0.010854754658284047,-0.02337954979479032,-0.19505589587555744,0.1003969730496894,0.2838121656456779,-0.9539732425135707,-0.05931794881594101
2.2199999999999998,2.6639999999999997,0.050763176689239194,-0.008192265583683599,-0.022698831483435267,-0.12818755455734143,0.1360404037225697,0.38761354837887985,-0.9139386245138437,0.022047058736884954
2.23,2.6759999999999997,0.048232180277341594,-0.01619741239216303,-0.0011950162214716606,-0.21845328877803677,0.09990097211109225,0.33620802185722465,-0.7773287173812194,-0.04380739415701542
2.2399999999999998,2.6879999999999997,0.051379740435703695,-0.012562730695753052,-0.05685846444029005,-0.21682538774537483,0.12944225385186328,0.40569810305861126,-0.8230705975698096,0.03230332382112421
2.25,2.6999999999999997,0.048093326784529856,-0.025459612040993694,-0.05699211019201808,-0.03246235083895854,0.11866995860563702,0.33018876219145876,-0.6739671663905819,-0.02756679895875886
2.26,2.7119999999999997,0.05001694041968128,-0.017856690134996137,-0.03372012952230676,-0.30473026012837534,0.10091609841062874,0.4180926914637748,-0.6703759974365141,0.036932507815037055
2.27,2.7239999999999998,0.048537806964245256,-0.032198188134896166,-0.07834213951565955,-0.0854047513000016,0.1602441346060587,0.3671514578054238,-0.5987729930644916,-0.013957322549077836
2.28,2.7359999999999998,0.04615917631284908,-0.029672104046070746,-0.08376109108115834,-0.12272645498324776,0.07946933161808584,0.3880722488926794,-0.43870846399602975,0.005557191934245219
2.29,2.7479999999999998,0.04897120915593574,-0.03562339452340322,-0.06606687631021842,-0.22415319626096733,0.16896626801695538,0.37725431498790135,-0.49188503068134976,-0.011387801698931076
2.3,2.76,0.043899346970212715,-0.04132273887641822,-0.0878107148600036,-0.12361114900799107,0.10017610914993397,0.38345402565601355,-0.33992587491292936,-8.521983502721674e-05
2.31,2.772,0.044357706753446226,-0.03922106346026839,-0.11410373536277353,-0.07814118462036763,0.16030092782786362,0.377002838428906,-0.21392706139891754,-0.023810862071337216
2.32,2.784,0.04359089761929947,-0.0459817396092994,-0.0990020564310995,-0.2858411834416541,0.12187722170323181,0.3448244328627106,-0.2771387666566141,0.0033742521343015173
2.33,2.796,0.041658617026378394,-0.04799647253532809,-0.09635964387351288,-0.03794119128511236,0.15193386537114156,0.3841481062532813,-0.11919743602285218,-0.012048549357823657
2.34,2.808,0.03777644133301661,-0.03987401374977734,-0.14976073550526514,-0.19186555290440557,0.15143757901870855,0.327636393778067,-0.06966659562528632,0.02219994251653485
2.35,2.82,0.041442833165111166,-0.052402732574491066,-0.1347912634478936,-0.2163548298790063,0.14541746019678642,0.3632773478681764,-0.07286767261900454,-0.007759327679772051
2.36,2.832,0.03495075294082098,-0.04288846006306524,-0.09440261143836567,-0.0889238153721603,0.1471038968982445,0.3200344117840029,-0.09441671416871034,0.04618267599398955
2.37,2.844,0.03614971214964338,-0.039003206902775,-0.21217592988969342,-0.27715994192018767,0.17784565505391417,0.34860341618659946,0.11180327671424176,0.014341175472509533
2.38,2.856,0.03419478352724203,-0.04770722895972137,-0.12132648271585558,-0.11238176628220449,0.12616604162314482,0.3374773634441935,-0.205149218615028,-0.00139870466380612
2.39,2.868,0.03468431585698976,-0.03613411404319053,-0.1368412306458676,-0.333721637014907,0.16923372110386592,0.3260646671366211,0.10269331368577858,0.013486072154225327
2.4,2.88,0.029658730786226464,-0.033949621239649466,-0.22681969796337303,-0.13110452287804109,0.15008609137175294,0.3260445230900441,-0.16859443870656118,-0.02926934298047607
2.41,2.892,0.03301131925324811,-0.037597659158137495,-0.11061030261904636,-0.32527375058406593,0.1380829674575764,0.3862875859368364,-0.08396358440349644,-0.07600524367400806
2.42,2.904,0.031124364088252233,-0.02612026087941214,-0.18995244901799757,-0.3348706498158291,0.12939275532458025,0.25489523598411545,-0.05045043592696122,-0.034508309221081813
2.4299999999999997,2.916,0.027122126689059865,-0.022943578930742906,-0.20160557371678356,-0.19218471672452375,0.132325931159307,0.36532153236605713,-0.26131953473176384,-0.09646929396430713
2.44,2.928,0.03229060477443099,-0.02240329966504019,-0.12109273972079612,-0.5022428825625871,0.10928609028971346,0.32971738425938746,-0.05914556065692608,-0.10028709265455328
2.45,2.94,0.027826628146227356,-0.013851130520919056,-0.21654028754784355,-0.29384080170737514,0.048645267719590476,0.25481799804892113,-0.195906649835496,-0.04782265852390856
2.46,2.952,0.029215420161256604,-0.011828875144260112,-0.13134139898687053,-0.4795396787439666,0.11424238793603332,0.33151014845783405,-0.29306109676499714,-0.08085218424849451
2.4699999999999998,2.964,0.029460022510944785,-0.011346251897249048,-0.1473999010219982,-0.4736235937554126,-0.027691057352948197,0.3307225652896524,-0.14351926542972754,-0.0427792138366868
2.48,2.976,0.030648750052864496,-0.007226629206129894,-0.12657520558895688,-0.5519934291479284,-0.009165610594951856,0.24251139533547048,-0.29978253223316426,0.0030115763030977433
2.49,2.988,0.028649192060601392,-0.005423486046003283,-0.10611557206310075,-0.596923892879325,-0.06509613732743452,0.31906390123728373,-0.33583208683131305,0.00013419808739914942
2.5,3.0,0.033085383270886344,-0.005835153795963687,-0.061426554660289616,-0.6085618430680783,-0.1839138622785151,0.3078487884383808,-0.23425789584893447,-0.0070134129115179585
2.51,3.0119999999999996,0.030239535407111533,0.0005026522697165587,-0.07457815286827398,-0.7360232256259216,-0.2336262266674016,0.22886902766603018,-0.3325767541167705,0.07389491007161547
2.52,3.024,0.033995439046055904,-0.0036032334182881823,-0.02538547189930751,-0.7140820725763753,-0.29934173968556466,0.27263169120937064,-0.32831311263036167,0.019172068410815344
2.53,3.0359999999999996,0.03238509495141874,-0.0007444996655574469,0.021990236803681357,-0.7746876447413418,-0.34590177629595636,0.2873342317600143,-0.3533467801673829,0.05039553022738551
2.54,3.048,0.03408662086097469,0.004869637849235431,-0.02391955997457049,-0.8345286903722707,-0.3484168316522163,0.1844421577139492,-0.22811453673301982,0.11093621683274742
2.55,3.0599999999999996,0.034861115297209484,-0.003654377647371185,0.11024926530371286,-0.992467726667522,-0.32385226578105114,0.2516105055634618,-0.44992697097539525,0.04526609367415467
2.56,3.072,0.03470275755270061,0.004219533665667579,0.034200960393856165,-0.7617539610072053,-0.33662057755439306,0.22559944568332846,-0.2836427254328321,0.11405124273821216
2.57,3.0839999999999996,0.03582830717344028,0.002689602574291744,0.13908857505316294,-1.1785720465383671,-0.317329455456412,0.15076166453391487,-0.2652349969145763,0.11311467167302973
2.58,3.096,0.03767409933314063,-0.0004053976262989563,0.14003270911938462,-0.9764977256027819,-0.2798693249715205,0.23884637055330768,-0.41120424728312543,0.09463504865312965
2.59,3.1079999999999997,0.03673840548927377,0.0012280353849042497,0.14363601644729967,-0.9890900788265073,-0.29125817427786993,0.1026011792051517,-0.29500948853841386,0.13846828457143506
2.6,3.12,0.03978932050825389,0.0018179068129082834,0.2304734729222413,-1.261108770393577,-0.25267192071575906,0.19623714616750226,-0.19360606049750906,0.10519535438441735
2.61,3.1319999999999997,0.03982081462898978,0.0009590356171404996,0.1927689277862781,-0.994209000030243,-0.21752160434162005,0.11361037799075048,-0.45047143418823343,0.14051053424344423
2.62,3.144,0.04185602197884842,-0.0047672964854583505,0.23433736040447964,-1.165589960671177,-0.2054600738450781,0.0802053496911402,-0.15621071106725865,0.11380435566161394
2.63,3.1559999999999997,0.04259516433162789,0.004236329179830329,0.280861317212981,-1.1130636963951008,-0.18573987052722343,0.15608401673859423,-0.2860797631476014,0.10611776851088474
2.6399999999999997,3.1679999999999997,0.044266145037935155,-0.005070244006466147,0.26244126746103646,-1.1188231445640742,-0.10308027579575939,0.02892896182644944,-0.28355401396185254,0.16075505303268214
2.65,3.1799999999999997,0.046150137555152966,-0.0010659580076875055,0.25529038588542363,-1.048520444852733,-0.16769772299058516,0.0687684047287322,-0.22996654274101405,0.07432845685700988
2.66,3.1919999999999997,0.045421587291970565,-0.007078782084655445,0.3770750854512882,-1.061896313191692,-0.04719808894638617,0.07281663697941476,-0.17381748351944964,0.14071082292007914
2.67,3.2039999999999997,0.04891662604841951,0.0021686344024987028,0.23463345229931415,-1.0527569107168275,-0.07947761115944718,0.0055778140102944115,-0.3087363168144839,0.13505156257234058
2.6799999999999997,3.2159999999999997,0.04769093647634183,-0.012941037519604742,0.3694771617075055,-0.9418972535000438,-0.06864069425762312,0.012239416629535664,-0.14794009824622373,0.07548700282055536
2.69,3.2279999999999998,0.04969972750324061,-0.006964703555215498,0.34336745165811894,-0.9342758415945825,0.0015471850180164906,0.028487345689063973,-0.18278743922103297,0.16499847864604686
2.7,3.2399999999999998,0.04854657276385998,-0.004920839070370368,0.31689985893099615,-0.9513447581078014,-0.04251530866199871,-0.03854009987964029,-0.2630487085739299,0.07052052607715945
2.71,3.252,0.05173168659267929,-0.018464306130754504,0.37891064454285395,-0.7815613057851911,-0.024428305946693107,-0.010558424148210678,-0.10627557530031742,0.17117181303444384
2.7199999999999998,3.264,0.04728756460497217,-0.014500779190080599,0.3735022941520461,-0.8064559153016603,0.026066248023555248,-0.0385302115416858,-0.1962454698935505,0.04932625309960491
2.73,3.276,0.05167309337094795,-0.01597940729456051,0.34394270467604915,-0.769064161367714,-0.023925855609428864,-0.04526851397773854,-0.19657017002152294,0.18764030210380006
2.74,3.288,0.04823134435979577,-0.022571086263514506,0.41471582417206226,-0.6291745272333069,0.01979431926066889,-0.05059787355873193,-0.12065426347996899,0.07037258752409394
2.75,3.3,0.04862131228511163,-0.03261973096931099,0.35865520164521275,-0.6091969772627823,0.00414119687784026,-0.07789533664493586,-0.1630073420764255,0.14471576454583565
2.76,3.312,0.048215512592711285,-0.021434402227144187,0.3859922374334066,-0.5564188106005312,0.008142642123843778,-0.053413889454241636,-0.18739463701722592,0.11287521273766601
2.77,3.324,0.046841903777756294,-0.03938370077642964,0.40309831310209837,-0.4101893484046204,-0.017220249893814713,-0.08601717117951316,-0.1077535041538306,0.14500462574278644
2.78,3.336,0.04628134521510435,-0.03985215641713365,0.34574357300021147,-0.4039154875578155,-0.012941560761525629,-0.09764370629250801,-0.1737434657468113,0.10519189257527901
2.79,3.348,0.04341345478967003,-0.038783315804071405,0.3993068780506958,-0.2594310140133722,0.011030124229315997,-0.07868140335061213,-0.13380643695549924,0.15225605242853027
2.8,3.36,0.04550130400141482,-0.042060941344873606,0.3609297710046601,-0.2741139675914692,-0.04617995575467816,-0.10442415792058433,-0.19296702107247377,0.14032013640169133
2.81,3.372,0.039693160010650104,-0.05211867863324456,0.3579919904300599,-0.10011525808705296,0.029534093456797077,-0.12790289052818846,-0.06404935903347758,0.12738079650599846
2.82,3.384,0.04117852609815167,-0.04127924081958218,0.3303480721627017,-0.1481962430020381,-0.005750544051810482,-0.1058187000369176,-0.2592706639351091,0.16551098524595273
2.83,3.396,0.03979932509333107,-0.045231248146901964,0.40994444557897863,-0.06921643415422242,0.012931951374464927,-0.1212361155255635,-0.10749369710161183,0.1293458554843519
2.84,3.408,0.03567542240069089,-0.05059017032421958,0.24991602548934072,0.0168071764955168,0.012146129370212706,-0.16946536081525926,-0.14821642127670087,0.18586451738230766
2.85,3.42,0.03726995613984447,-0.04029686493022312,0.40643354505324164,-0.1282837202474526,0.050172042939916256,-0.11505528702012481,-0.26487317413714295,0.1080829344529961
2.86,3.432,0.03453703683810871,-0.04143726810153251,0.3199630219647447,0.09818072438221234,-0.022031125991415247,-0.1563141578014477,-0.12769970070863357,0.19888630089026127
2.87,3.444,0.03361564441825422,-0.04288090652003186,0.30635631316046347,-0.17288746502681862,0.031132024485838336,-0.1885798775661635,-0.22262210052895728,0.1319013309418665
2.88,3.4559999999999995,0.03161766355693315,-0.03736786304420078,0.37257446981336534,0.02820406662964986,-0.03354293689355108,-0.11161810737250452,-0.30960393400285613,0.15026870621347177
2.8899999999999997,3.4679999999999995,0.03269658775688029,-0.028327970908394704,0.33007630297387297,-0.14705589556195928,-0.05620195330991822,-0.21900343343858386,-0.15438320447047,0.1451454611247693
2.9,3.4799999999999995,0.029078085197767264,-0.03158057561511245,0.29310921637463216,-0.13374383249856808,-0.07802512274618544,-0.14025191954855487,-0.41482786782009684,0.14056038688951522
2.9099999999999997,3.4919999999999995,0.029084284852989462,-0.019915285620543142,0.3607932609161971,-0.1150885262071735,-0.07480961513262792,-0.18804638656594616,-0.2656072769323258,0.09706940688066738
2.92,3.5039999999999996,0.03193018168487984,-0.01915601461992366,0.2766352448534779,-0.17916575831925147,-0.1007553070963284,-0.17502208510746323,-0.3598067659888182,0.11405751053181769
2.9299999999999997,3.5159999999999996,0.026065237052540262,-0.014215327373431655,0.3313419570924682,-0.21538397124153313,-0.057092270830048586,-0.1487184132779882,-0.4717837869159113,0.07322758498447085
2.94,3.5279999999999996,0.03126328573173268,-0.011920937557697613,0.27673984258552997,-0.1742102669942116,-0.06719460597714025,-0.18169664532136387,-0.3665259612835048,0.05275100007496182
2.9499999999999997,3.5399999999999996,0.02958126849108923,-0.009277684206525555,0.32660890391538766,-0.29979312351632004,-0.02663385237177452,-0.10034364999262649,-0.5732353948925545,-0.014874488409326144
2.96,3.5519999999999996,0.02817539150518653,-0.007617998006307635,0.2867461069482022,-0.24025246921353377,0.00428214299887297,-0.15472762712636415,-0.5117209657766768,-0.002658440126420712
2.9699999999999998,3.5639999999999996,0.033094031811285764,-0.004258256725109285,0.27138501213593824,-0.30019017935484066,-0.019402676272970768,-0.06623812279067076,-0.6519417079640533,-0.14120593768935147
2.98,3.5759999999999996,0.029550384982712258,-0.005419936536059912,0.3209221344761496,-0.32728163549887657,0.0538046493993824,-0.07829919532530075,-0.5937943540093071,-0.15933622436944242
2.9899999999999998,3.5879999999999996,0.03249959044615607,-0.000678128558740269,0.2190141532051097,-0.2510060240899564,0.017841427079149316,-0.0671348341385786,-0.7636776676955404,-0.2836528831362887
3.0,3.5999999999999996,0.034325954223266425,-0.0005204818598094647,0.3047710698113911,-0.41559228657394665,0.05370766675460594,0.014300305353333553,-0.7398503142320574,-0.2862143909185134
3.01,3.6119999999999997,0.030869330960972243,-0.0024586024927640004,0.20475963843380554,-0.22252124919644173,0.06388001517322993,-0.016183632030283005,-0.7384291388340839,-0.3746194291659457
3.02,3.6239999999999997,0.03656641277318227,0.004153278458113942,0.27589346979436175,-0.41673477517956353,0.08621898702643864,0.015312687529355166,-0.96341842995819,-0.3182670507770204
3.03,3.6359999999999997,0.03338308184295162,-0.001203859722714857,0.17569796383537067,-0.27113339967169386,0.06582445503111761,0.12230194654533594,-0.842041153354585,-0.33815862832711996
3.04,3.6479999999999997,0.035371175863860724,0.003329070429911111,0.2445614501069486,-0.3639340626457474,0.126232714870516,0.019963902450989626,-0.9555891567509449,-0.34365178735739793
3.05,3.6599999999999997,0.037093385217215134,0.0017341785873851458,0.1749151341945008,-0.30282042000728715,0.08576585214618969,0.1589044752148623,-1.055044709171668,-0.28064202001532756
3.06,3.6719999999999997,0.03600251863702308,-0.001615556127490539,0.1533879210172569,-0.3191175920544879,0.13243879473928513,0.167692973807097,-1.050873693719408,-0.33458745495836323
3.07,3.6839999999999993,0.03969441865777882,0.0072222872514026756,0.21843504535631741,-0.32618693035229246,0.10827316627514186,0.11535433469601492,-0.9963772858630368,-0.21428796806181197
3.08,3.6959999999999997,0.03732279624397264,-0.006097055296675952,0.06474478335199597,-0.25836502715098053,0.12516252397626051,0.2660826663352191,-1.246293768085947,-0.3056907823607493
3.09,3.7079999999999993,0.04278870239360593,0.0025923540383744064,0.17942533230680574,-0.32238972478916605,0.14118977708109465,0.1881578053848194,-1.018033686010284,-0.18311686308460207
3.1,3.7199999999999998,0.040887808796753015,0.0028162821062804756,0.09846255318336927,-0.24068556960674772,0.0831863681650704,0.24924870523594816,-1.1361015961080627,-0.1717813873272993
3.11,3.7319999999999993,0.04267354524542558,-0.007635617979527134,0.05405689371095451,-0.28211637625751895,0.16128622761314518,0.2680280072078832,-1.1692639326903045,-0.21923498611877876
3.12,3.7439999999999993,0.04648127767523553,0.0019690878754044907,0.11773638353734234,-0.2252477543815259,0.09991584856292551,0.27722157715848933,-1.024205225386333,-0.07656659903530294
3.13,3.7559999999999993,0.04454871976121082,-0.0018345949722736335,0.03585626218052675,-0.2569106631470456,0.11461687469869133,0.291540865062154,-1.123762951761794,-0.12431689429606695
3.1399999999999997,3.7679999999999993,0.046980565899278896,-0.007189945532747382,0.0352775069283343,-0.21476115950478133,0.1315391195030137,0.2945727580081478,-1.0140979403036998,-0.11090462186645778
3.15,3.7799999999999994,0.048731764348578434,-0.0037429109386273784,0.031809545023825186,-0.21840025432504512,0.12054444684197153,0.34462681742572504,-1.023453522303112,-0.023711631150969657
3.16,3.7919999999999994,0.04889543588045993,-0.005395163970411978,0.03065153154647903,-0.1958173073741294,0.09833467044576455,0.3097210307854132,-0.9763355236388692,-0.07109264415137326
3.17,3.8039999999999994,0.047521983340839874,-0.009480270636439206,-0.04573378912219662,-0.21276802381498972,0.13354289109864048,0.3326964652890893,-0.8898155748388097,-0.01550486804207911
3.1799999999999997,3.8159999999999994,0.0522765362318248,-0.01278886769520928,0.026226977469757284,-0.18301572754619203,0.12479906695264645,0.3921679286812321,-0.9377300311513942,-0.030137455364232665
3.19,3.8279999999999994,0.04785479516445118,-0.009644145068479198,-0.050523194722446145,-0.12975461094592333,0.08163365098786302,0.31780998336662375,-0.7917812675901335,0.005063221992625388
3.1999999999999997,3.8399999999999994,0.05067199115535157,-0.018663501264495768,-0.03085738108431748,-0.27484541069699814,0.16358056274354343,0.3852494555472966,-0.7615459876603655,-0.0045219169357154886
3.21,3.8519999999999994,0.04879653748932129,-0.021016131406002413,-0.054866902672427026,-0.0535487055932862,0.08090021943167022,0.39051479009998874,-0.7753958145297201,-0.0018628831874206182
3.2199999999999998,3.8639999999999994,0.05040302763891891,-0.021110077388502194,-0.0514688616157712,-0.20952520999396052,0.14160311254632157,0.37218711351314326,-0.579917769727406,0.013978154930297481
3.23,3.8759999999999994,0.04695828934288775,-0.02971566571845411,-0.06052045710287182,-0.19713341342746832,0.11614557166997913,0.3489005138244708,-0.6110991846492029,0.010630421151529054
3.2399999999999998,3.8879999999999995,0.04791073197119441,-0.030320426160817912,-0.09449157154594236,-0.05547758205331575,0.11841635507570913,0.46011724876235927,-0.5206502787278399,-0.013750253740613953
3.25,3.8999999999999995,0.048433844351882964,-0.03837372142752118,-0.061475511899514536,-0.24230572390298868,0.1460882867821672,0.3138072098497275,-0.3810149375271219,-0.007986938660537101
3.26,3.9119999999999995,0.04259966292504126,-0.0355708138414211,-0.0879594488408718,-0.09476277838911432,0.10750680662959239,0.3829610412458706,-0.38394887357019286,0.01186314288475592
3.27,3.9239999999999995,0.04668873783029746,-0.044719605014301146,-0.12041237276069512,-0.17777978324896282,0.15656225665372125,0.44332756445215943,-0.27705816551924484,-0.035385606125381434
3.28,3.9359999999999995,0.04203655939152237,-0.04461094939221652,-0.08320699159866891,-0.13211717116422791,0.13043236374591433,0.2558863175957765,-0.15520631087185782,-0.0034324962827941502
3.29,3.9479999999999995,0.04099084071730887,-0.044172994751734064,-0.11942491674420018,-0.1491312345018702,0.14283312911231982,0.45153730373168144,-0.2134236126488413,0.017994734230723564
3.3,3.9599999999999995,0.04051650065508046,-0.04601888616331742,-0.13090241872974767,-0.2129604029924619,0.1542709530062207,0.2958816160785999,-0.047789038919453505,-0.02115812123387568
3.31,3.9719999999999995,0.03828040074314932,-0.0483606911944935,-0.13079209318556595,-0.07058806291794538,0.1428845471624332,0.3699064899635436,-0.05530907127199683,0.034654437144883976
3.32,3.9839999999999995,0.03689128510359799,-0.042416588666220466,-0.13743630690684353,-0.25997482548058376,0.1652171933942293,0.3268694968954114,-0.07000375203194364,0.015789142085947633
3.33,3.9959999999999996,0.035523887931585764,-0.04296308657904167,-0.13084985993131182,-0.17301670295677085,0.13891598814729225,0.3289356535237601,-0.02510616380983503,0.02347883722200611
3.34,4.007999999999999,0.03496033386793162,-0.04314343178838122,-0.21405868810814951,-0.1478241361158072,0.16906865865790863,0.3744310498175517,0.05439293434616373,0.017925600444919036
3.35,4.02,0.032439909254539316,-0.03909334279367142,-0.07681129055267327,-0.30280613250629207,0.14492642331313743,0.27231064950297257,-0.2090193368904789,-0.029851000820347903
3.36,4.031999999999999,0.032927888673213127,-0.032966419853101475,-0.22141324566796816,-0.19025988649642991,0.15480322131661603,0.38865399691316,0.06527892528837423,0.01464252824727235
3.37,4.044,0.03090159305847384,-0.037571445002268854,-0.17404955424606133,-0.28560179096219507,0.1287729701078404,0.32711313482639476,-0.12046250491596441,-0.09115148306881073
3.38,4.055999999999999,0.029990891828277296,-0.02576706487837824,-0.11695338953530496,-0.287044269875827,0.16367698377319367,0.29756351302277206,-0.2287360581751869,-0.05488577893152753
3.3899999999999997,4.068,0.03161381286919397,-0.024891278432497565,-0.22919797405246484,-0.32151963461563193,0.08648269705805926,0.3478151188027114,0.007614344277625973,-0.06896965353914906
3.4,4.079999999999999,0.026509246887205615,-0.018453071974410235,-0.15724864513662928,-0.38001924588053854,0.12525429127448243,0.3260006565920661,-0.22582680543758982,-0.096312392023842
3.41,4.092,0.03212961044587591,-0.018656276043928083,-0.14702440894619723,-0.32969145208035294,0.09274359473977031,0.2598369430993962,-0.24577613763128334,-0.09061309259493172
3.42,4.103999999999999,0.02805794398053292,-0.008695716177202228,-0.18585845988157024,-0.5183691326107431,0.022873436361472772,0.3495089647652569,-0.08387597699584476,-0.03441985776528647
3.4299999999999997,4.116,0.027724416388933235,-0.010747934638434677,-0.13116984823183372,-0.4343491944544464,0.06500300388544608,0.283174369941736,-0.3418506899580638,-0.05187529805323947
3.44,4.127999999999999,0.033486011696522704,-0.010982676554921002,-0.11924032870734763,-0.5553433138712851,-0.06497091668243792,0.2966093308924632,-0.23558214533538707,-0.02526146258365464
3.45,4.14,0.02699545767846316,-0.0016265240593866942,-0.11084892227634797,-0.5854672002704878,-0.04684994398267336,0.2958527846087725,-0.2903108251687695,0.02227173327185911
3.46,4.151999999999999,0.031953965446232184,-0.006952179303413538,-0.06348440623409154,-0.6805082290578983,-0.19292267862778836,0.280600517998014,-0.27656099695324304,0.016015811418045037
3.4699999999999998,4.164,0.03417392061839103,-0.00046514558594317,-0.08653810962498576,-0.6359039847816175,-0.20970619958825087,0.2882215326110122,-0.3491374108781196,0.016955053794910302
3.48,4.175999999999999,0.02891347270883088,-0.0039038264503555827,0.018577004312507535,-0.7411159203497816,-0.3355117747867948,0.22555592447570358,-0.31875434884040105,0.057766418742618945
3.4899999999999998,4.188,0.036359306832910956,0.00315113902745152,-0.04496536935003565,-0.8690183220115092,-0.32048468355401044,0.2854641563494938,-0.2580849029076146,0.06811675524760492
3.5,4.199999999999999,0.032413505626047445,-0.0011262585380018525,0.03730540548791383,-0.7065622639404464,-0.34347825102482843,0.237479904330153,-0.4222149615173565,0.05280430754652518
3.51,4.212,0.034922779130341815,0.0007196073848321498,0.07494517027826629,-1.0016238238529909,-0.3580506234617038,0.18003658204513612,-0.28529558264341753,0.09318262233218878
3.52,4.223999999999999,0.034604552747668674,0.0031588230057523915,0.04742290493352984,-0.9261792032980216,-0.29386429759245974,0.26975737801887867,-0.2963974670227106,0.1083286583210584
3.53,4.236,0.036770419238303015,0.0026061932279403295,0.13268721451654256,-0.9562123251725991,-0.34309543376645346,0.1674058305383465,-0.38604349176881225,0.08974270735362715
3.54,4.247999999999999,0.03663238875622935,-0.0022995676308880456,0.14551756250589565,-1.077867601696301,-0.2846234233270114,0.15740050765672353,-0.30621847931367485,0.11484669329820153
3.55,4.26,0.036792057053008656,0.00505427769794476,0.14372808157882705,-1.0746083375926094,-0.26315157624045804,0.22024719564372702,-0.25034058260668507,0.13163648672529188
3.56,4.271999999999999,0.04048763522317795,-0.0005876792704708576,0.22720037166429552,-1.0910132462839184,-0.28219569100621,0.09211273014079292,-0.3776608110033284,0.11596401727841384
3.57,4.284,0.03989285869729536,-0.0005458839143694358,0.1815175920002712,-1.0995599133185634,-0.20440453738476616,0.1578844204051866,-0.2611871193597413,0.11375083014546189
3.58,4.295999999999999,0.040125225860968755,-0.0010160546884566283,0.2740253362829956,-1.1630318349919475,-0.2063367094991025,0.11176146239308885,-0.23195470718706143,0.13809889884177926
3.59,4.308,0.044709669108325606,0.0021563035425516694,0.23002707614097023,-1.108761154913293,-0.1726261612905803,0.07386569516149036,-0.3159737265696546,0.11599572604040607
3.5999999999999996,4.319999999999999,0.044244770678699294,-0.005916054357556916,0.2766200657532351,-1.0266962002296096,-0.1485331957523984,0.11225959268015856,-0.26107189706832024,0.11168341438677673
3.61,4.332,0.04307235618695514,-0.0004184197832221774,0.31841209462547815,-1.2223444136212458,-0.10014205526480853,0.024456782094566087,-0.1457157730597711,0.12799644845707456
3.62,4.343999999999999,0.04977206287031201,-0.003964891173605867,0.24335316679343244,-0.9253631985642827,-0.09772267273365859,0.0716507408316498,-0.356602035586954,0.12443053060853662
3.63,4.356,0.04624204437275197,-0.003817254958688765,0.38478118572032893,-1.0569432224557271,-0.08159667996935904,0.0286392070690688,-0.12974763583568982,0.1063539398044077
3.6399999999999997,4.367999999999999,0.04765601210685311,-0.009015840314860751,0.26162873306449286,-1.0450100332973087,-0.015189865911240934,-0.003549095162096446,-0.2222438527692019,0.11788409293600394
3.65,4.379999999999999,0.0505848928242196,-0.005470463585008807,0.3898495994264276,-0.8347132221715458,-0.06426105369908539,0.024027278858122593,-0.22622626409482197,0.14259682791047545
3.66,4.3919999999999995,0.04938389144704916,-0.009461784114963515,0.3077391171544319,-0.9659102802287264,-0.008543317454021884,-0.02050963011291458,-0.18274759866336363,0.0724557718452009
3.67,4.404,0.0487108135240854,-0.016487095411182477,0.3826933477493433,-0.8353146468681804,-0.009774168664226066,-0.02626495006783069,-0.12190814338043557,0.15989952114711242
3.6799999999999997,4.4159999999999995,0.050554488682809554,-0.011441600333306686,0.3679538093910702,-0.7598193459898512,-0.022926048480619545,-0.03963788906153111,-0.2778799652807998,0.09528538042572762
3.69,4.427999999999999,0.05011205964630131,-0.020657304377742516,0.33655728692348696,-0.7640242869121774,0.03398021915749582,-0.01903084778138575,-0.0845873214402771,0.11367123814850627
3.7,4.4399999999999995,0.04820671568359125,-0.021552406207694785,0.4428425840359723,-0.6578616724129017,-0.026385072275592746,-0.10130416952092272,-0.15522562753786834,0.13927856668368618
3.71,4.452,0.048673679625930485,-0.02872073120395255,0.32581097742533,-0.6193062445217271,0.02166681207016513,-0.015581623312975662,-0.2516571253540858,0.11211995765125034
3.7199999999999998,4.4639999999999995,0.04878807895035091,-0.02664193095747575,0.39874027903445886,-0.4758243569008805,0.03563449892622054,-0.10397791720571793,-0.04543558164661847,0.10190047924358313
3.73,4.475999999999999,0.04685634677529368,-0.036634853341323104,0.41612274310133,-0.5372764286151118,-0.09435868511210131,-0.06971270260348988,-0.1730807370957565,0.1818994921319803
3.7399999999999998,4.4879999999999995,0.04431673928423717,-0.040425608249076886,0.3276156345571435,-0.28173763728252477,0.09152052274992459,-0.07267082357027625,-0.25064106719390833,0.07095949641511715
3.75,4.5,0.04658836782456872,-0.03721381481072325,0.3970916139398603,-0.3393731732018665,-0.0780839106636515,-0.13187913879232716,0.012210462756882395,0.16083098917346192
3.76,4.512,0.04381919330836736,-0.046260647701103816,0.38894719321154986,-0.2457766163012861,-0.003473123376323146,-0.04558965106250792,-0.25507410659013785,0.16191864834198486
3.77,4.523999999999999,0.03785818380705972,-0.04703878096202257,0.31907112420746586,-0.07889201460417658,0.026784171423051104,-0.17548287731318454,-0.17399785167427076,0.09499221128087143
3.78,4.536,0.04566112321651989,-0.04477530861689159,0.366195774526363,-0.2246749654760964,-0.010432456694802136,-0.07532126761858327,-0.042936803352237984,0.1740627927139722
3.79,4.548,0.03569421697182441,-0.043364942394965314,0.3752898555681507,0.07303559050687436,0.004923588700060046,-0.13323897641214838,-0.2708189436278803,0.17071201498391322
3.8,4.56,0.03710281339933677,-0.05252014368646356,0.2915644044242656,-0.18373972150345635,0.01928104392608384,-0.17983703684157124,-0.1393993883167566,0.10074804136543408
3.81,4.571999999999999,0.03819864188115384,-0.038158842646107374,0.3634426372854131,0.08786195866400585,0.06948796347838473,-0.07928586279795069,-0.1667920751885408,0.19807763511277515
3.82,4.584,0.03328717849693748,-0.04128586903722925,0.342511518604991,-0.06882445467033613,-0.06699488906465996,-0.21007223425433302,-0.1927290513935095,0.1467656656427413
3.83,4.596,0.03378601458778025,-0.04760603919619988,0.3195181134049888,-0.099706048834412,0.06772993907399034,-0.13710029755080758,-0.28377944039481134,0.1341057193701475
3.84,4.608,0.03218554304012564,-0.029105910564919485,0.3376248705482337,0.03551240223661169,-0.030181152490835646,-0.13871369512875154,-0.1549788247111884,0.17176474279715198
