time,force_r_x,force_r_y,cop_r_x,force_l_x,force_l_y,cop_l_x
0.0,-7.480023939569394,6.244628535423633,0.3284015150263573,133.91066167243704,1046.2272263351156,-0.41212987819583174
0.01,11.487740759271151,50.57304980123805,0.2935897376357959,146.7407930528166,1037.7319355092418,-0.3991091240888167
0.02,27.278764081398148,113.16911116007424,0.30172277726105784,159.69374554037302,1036.583664268874,-0.4042638854603102
0.03,31.791655659764235,201.08091663809725,0.30239125547630635,175.16525245237543,960.5363028602212,-0.39448939223965795
0.04,13.638391126249763,292.023655058175,0.3221275706802239,182.4943891411852,926.453032968837,-0.3896322985007185
0.05,-6.053274502371461,383.2743318945846,0.31612549917512417,190.3944128583713,840.1114197382022,-0.3846743084710553
0.06,-36.85223054154796,510.2904966725345,0.2904608574596473,185.811015361534,732.7817762171205,-0.37000704396356154
0.07,-69.12774717399199,595.6819815452561,0.26593639341672426,174.45818135373682,620.3215644697004,-0.36362744422701976
0.08,-93.29526544998227,695.5337741969712,0.24446958591445997,149.20266706842986,485.3033923195765,-0.3366314263933147
0.09,-114.51358283425945,783.9196838924252,0.22420233931048014,113.1982701418636,366.6820980229248,-0.32485707823040294
0.1,-129.65027547988234,840.0736784506355,0.20294763257286821,75.35174542107417,228.21912841893143,-0.28049202601720397
0.11,-139.95229360436255,909.5470376625215,0.1991594688688585,24.36856744867466,116.06518807582938,-0.2472790629323649
0.12,-147.24761469901415,954.2738043795594,0.1854657737376319,-2.3894286534268026,2.423058235440847,0.0029790974229744194
0.13,-144.94122417708044,1008.5996132206478,0.18121951226486133,-0.032926742468270154,-7.700332933685058,0.08395682409250074
0.14,-146.1013886742825,1030.5305743267838,0.17854795046266458,-0.5068476250766597,8.248893412489522,0.5822302958191092
0.15,-140.57368431573084,1070.4450661699748,0.1826030533450501,-0.16835625423255407,0.6233333249403963,-0.3105419709084887
0.16,-129.36687357406387,1081.3145546212913,0.17066025557365017,0.35307640366149584,-10.466470112659982,-0.14264609551731933
0.17,-125.21760527840654,1088.6436498983546,0.17382440424244128,0.9736650243263948,13.203024932514397,-0.11827656349545797
0.18,-112.19502325209722,1068.9453711167123,0.17220020835373198,-1.6655335852326405,-9.778122729898818,-0.14041758458868908
0.19,-102.76903793393414,1072.9263990323186,0.15999051056031566,1.1997651370954705,5.051964586190877,-0.33401080110042375
0.2,-93.34882448315106,1024.1135849471038,0.14934694492285883,0.6011836205906179,-3.7872058216339717,0.8099570135454118
0.21,-86.25249265209199,990.334209254637,0.14009189991487986,-1.8362788418849656,4.704262725508582,0.302887161852366
0.22,-74.80721593276111,978.2125560366115,0.12323236510628138,0.46069863871331607,-2.9636341667840522,0.2520605635321508
0.23,-69.63235317289268,914.935984488027,0.11925937469979139,0.9167667508964172,-1.45788827238116,0.24073558144409032
0.24,-60.669968026451386,898.7102926373748,0.1234589478288704,-2.9359226056554886,9.050138310520191,0.25412880927800946
0.25,-52.34684427409106,878.085224874349,0.12555584314915283,0.6382818365534251,-12.165311632537811,0.26139206393958897
0.26,-46.476975603260335,837.5017777049533,0.11895392182845754,-0.5619881899827375,14.211147743552441,0.28605522663451133
0.27,-40.97881468572562,823.8319795565607,0.12764846981183192,-2.2796207753583007,-8.720683006118486,0.2981255779850339
0.28,-35.47304120844733,816.9124076254276,0.13386846072684427,-1.2834104130392059,6.054339240434392,0.3228989597474044
0.29,-32.93580927661249,796.2861320994688,0.11994370713998048,-1.2838693731808233,3.014235721429995,0.34884290154825737
0.3,-27.047889345883696,794.8886365648636,0.13989311059797366,-3.182462924928664,-1.974937437080941,0.36006491285593517
0.31,-27.257148325751725,797.6325223182018,0.1341354467222204,-4.559067555432996,9.18724524809728,0.39614364435355875
0.32,-19.880924185910214,803.9926987566249,0.13459645029779843,-4.43733304625821,2.028358210118436,0.4070261204228562
0.33,-17.951343170671798,796.4911518136046,0.1415916151412273,-9.650027386182687,11.395344534868311,0.4362264786762228
0.34,-12.754933494443335,828.7878478979106,0.1445094115141436,-11.765831602379885,8.233689671590426,0.4574103630304988
0.35000000000000003,-5.53920662311062,830.0643684649444,0.1437935125883702,-8.502489715000936,13.892563487660446,0.4959514667506685
0.36,0.031514132039654086,846.9689908091171,0.14436172994301114,-5.609730478506293,1.4258009625138381,0.5363721417619355
0.37,7.75066728660136,877.2955123513087,0.1586248103329616,-3.8662008031546513,3.4189493390028636,0.6224261829528159
0.38,15.304068153335816,885.4831820531665,0.14244179116489697,-2.214241056877426,7.76474447427485,0.7141179108531713
0.39,24.2585085085931,915.2814891702592,0.1594165264784045,-1.8674180525777668,-5.763824243900903,0.7822447905197644
0.4,32.05171559014012,934.4530136226184,0.1567393850851016,-3.625375568723477,9.296211861118593,0.8296912603923583
0.41000000000000003,44.5725062804888,953.9343929958075,0.15116389952292345,-3.638907373166788,2.3805115374352885,0.8642463228647833
0.42,54.88939153101038,989.9238204739394,0.16575863720221004,-2.3044477897697275,-1.1433014683263751,0.8880457833011056
0.43,67.14522224581987,983.5925242151725,0.15415668100618996,-4.915765429506368,12.060803513705082,0.9042655400950897
0.44,77.51237139615026,1039.0301628584155,0.1639152916059592,-5.923069396621993,-2.9496099814659313,0.9208265387729112
0.45,89.33751911472402,1020.4328968331216,0.16519161118935563,-3.69408695319792,11.311431348587291,0.9296084639971727
0.46,103.66971862246733,1051.9801138620269,0.15954020386371387,-9.605554048122638,6.40162594338407,0.9382398119317814
0.47000000000000003,114.51572906669084,1060.38638401898,0.17705216264269893,-11.445146308725139,9.86499773816486,0.9446963532953372
0.48,131.1249743844458,1041.6469997422582,0.16180900083047525,-8.085739453688468,20.534038411430185,0.9233673177384936
0.49,142.46108917497702,1061.8462008092927,0.1801078203622069,6.408304485665911,36.465755897532155,0.8656634872996912
0.5,156.26706383328235,1016.8549769164912,0.1774126188361224,21.906335240220947,92.42535992926598,0.8844856631485561
0.51,171.1776892611317,994.62772365389,0.177902162208217,32.501439340284165,175.84194868308848,0.8819970686277395
0.52,179.8784209796385,941.7599497443301,0.1928113342034717,20.242386939861454,257.34767105287904,0.8961593423056591
0.53,189.65137259022092,859.0148464734831,0.19126746287090104,0.48833850744264684,370.43324879343504,0.9017043207806996
0.54,189.17649936561415,774.127334997534,0.20283216390283593,-28.191425021537626,451.50918196176127,0.8771341758326676
0.55,178.62417090692054,653.7305074551016,0.2168380902909616,-57.73697172513137,588.6941494737979,0.855761561738412
0.56,159.0558069660313,531.8433603924022,0.23271805465105772,-88.82778658983969,663.817188155741,0.8274429913123703
0.5700000000000001,128.60677410144194,386.0181995084254,0.2477516061803669,-110.47065560682859,751.8578922532729,0.808748968827684
0.58,82.00790435166417,284.65188692218726,0.29061958667752175,-121.60803756435877,837.7767831633213,0.7915405087502391
0.59,46.288518281346796,154.9254415551595,0.319711564544121,-142.76321217538128,880.5867368350342,0.777929321592067
0.6,-6.614146276632154,-5.201355110128577,0.5791212398395452,-143.449595822763,947.4278964922873,0.7681143458330937
0.61,-0.873959179276772,16.818766561621953,0.6373409641759978,-144.7254913826483,990.3398161427584,0.7646918561581523
0.62,1.0595074890755025,-12.598869429935377,0.8842021002628833,-149.75017744827824,1029.6800719195564,0.7594050610026442
0.63,-0.4514366201981875,3.965147861457179,0.1380874379337374,-139.64428301660283,1053.1455198051124,0.7610845298998856
0.64,-0.4228546711177774,1.603059573782657,0.41937728742880515,-133.92498797714262,1089.5209237940207,0.7534077621308681
0.65,0.6636838721628794,-1.2874187787557825,0.4644128167248372,-126.72657138510343,1074.8365431870645,0.7575310447290743
0.66,0.6868414915813348,-1.4578441445363346,0.45297890361969695,-116.63283667627647,1091.6804912597308,0.749976721568796
0.67,-1.5764372536596687,-0.07503753673656838,0.3448769508368309,-104.37621666294483,1058.3108525305279,0.7429671997947337
0.68,1.648201707032788,4.97135074348549,2.972731109270863,-96.24897899771265,1049.3106303018305,0.7391823777328002
0.6900000000000001,-0.9102287993163819,-7.132511698159427,0.9217090569877918,-90.28456500145812,998.8349260622404,0.7199798708301465
0.7000000000000001,-0.23368232169644879,2.398420881110397,0.8429200360256106,-74.40452473213881,977.6668462972253,0.7062727867213952
0.71,-0.16184306334041956,7.680058288454439,0.8225664443509413,-74.13019509026297,939.3111476451404,0.7040556404309712
0.72,-0.6577268257725231,-12.622170440956836,0.8252036439572921,-62.454940820818656,901.3579282177138,0.702644481721353
0.73,-0.33821384494024204,11.193028042394367,0.8434342685523599,-54.84621425793935,882.3214610758986,0.6963320885919114
0.74,-1.678583338585391,-1.8204700592868686,0.8536318410519929,-46.91224125021599,853.0377374254144,0.7106433495744163
0.75,-0.1614591341065411,-1.4674367006322155,0.8690836263962466,-45.41582593210819,825.1375275040745,0.7022001136497583
0.76,-1.932336419172437,2.6008797575123204,0.9064555116194835,-34.69549784859286,821.6326770528758,0.7050822141182418
0.77,-2.2685927219754527,5.808198977881713,0.9014786029465898,-33.074654833655664,798.8498237656299,0.7120211363120823
0.78,-1.3857144983672571,-3.3818031835289917,0.9510918230216854,-31.947232561808416,798.4300728039698,0.7134222765718179
0.79,-5.452685529553828,5.242079321409699,0.9561563118731268,-23.876903775049684,797.5312362876018,0.7072156169196518
0.8,-3.2171541443473872,11.493647875441972,0.9855873888481888,-23.18461461761016,795.7951093932274,0.7228120952713795
0.81,-10.045599036460295,-2.4058733753140125,1.004224701627302,-19.63838203690536,805.2555671263834,0.7188380212742981
0.8200000000000001,-9.893402309047342,17.92659460927036,1.033212143086182,-12.597128609903045,818.3080206980127,0.7161554475824734
0.8300000000000001,-9.738693783315998,12.664450772352998,1.0584960790478326,-8.93432607328688,821.4289062857697,0.729183523181651
0.84,-8.303894991989038,-4.292489276534662,1.0955593289116285,-1.0740432903691004,851.2578667944169,0.7281350524217023
0.85,-1.927607867543334,15.623808923859817,1.182584554427456,4.646697620240282,867.02773471078,0.7214430531122956
0.86,-3.405217479080173,-2.5291633817883543,1.251253203809737,13.04668740583753,871.0556681386639,0.739061809283029
0.87,-2.679783523787053,-0.4929438229602332,1.3569102467518546,23.149359412039328,925.1018285381717,0.7310035501861427
0.88,-1.9902538403313947,6.730387608508774,1.395429216856558,26.287234423115983,913.6266181300828,0.731170263049165
0.89,-4.028181882680431,7.316470556431733,1.4391679635322283,43.30100873916368,954.5136866583773,0.7420805713477303
0.9,-2.968294396665603,-10.934496256507593,1.4577192370525371,51.30630725763384,976.8143123044541,0.7346862226080306
0.91,-4.361094421757642,21.692812528658198,1.4811656773215356,61.78146054559643,993.7611212662099,0.7391803350157127
0.92,-4.649931025166224,-5.169052201996464,1.4987304582809517,75.78582418384337,1006.0366149403346,0.7415114686961598
0.93,-4.657679658799205,1.251046837366598,1.5014419777967032,86.36390677404603,1045.65572221534,0.7433293395575967
0.9400000000000001,-8.785389966303615,22.414870097595987,1.5159432043912062,96.43171825978936,1032.8697345998276,0.7425430762264673
0.9500000000000001,-8.839528602756486,-6.814585487434066,1.531523209484821,114.52847813868928,1053.0940849870256,0.7487909651856148
0.96,-10.617965076215912,26.535725835203046,1.4986220675913515,123.63285726521715,1065.8237389828537,0.7498387251182599
0.97,11.480835249627587,43.073561681344174,1.4481384641367447,148.197948417328,1028.9339634522144,0.7463130417642969
0.98,29.41102199524471,114.76282683128004,1.4506389778011481,160.11893387713988,1030.805148207559,0.7530028794666264
0.99,28.45567629217092,197.3002197328946,1.460038893677457,173.034859242946,972.6624787869005,0.7560067259846147
1.0,15.908819466446236,296.2488141053984,1.4654236315975588,185.50875417070927,917.8049895793557,0.7592935192449344
1.01,-5.6850383123200245,383.5704643899594,1.4792671133520428,187.50182781751548,844.260283917696,0.7743694031828412
1.02,-39.464342129104956,506.0020937073768,1.4305821019965137,187.80436108139406,727.2461546953314,0.7723790516730675
1.03,-65.82102935193028,598.4467934290161,1.42795179652741,173.70522565435206,629.7280919455263,0.7990002089980696
1.04,-96.17752627519859,697.4802609788392,1.3905459788813752,148.81543804395946,477.77193199939927,0.8050119668700115
1.05,-112.41013795119996,779.7963917711445,1.377805766523919,114.28534881773464,365.38742366212784,0.8362502738982914
1.06,-130.45925151741986,842.7973636820436,1.3557668922109045,74.18538086975165,236.66545886183957,0.8646279193391223
1.07,-141.44174142260457,906.9942910449647,1.3501348311549373,25.07966663394875,110.35788106738717,0.9082800174139574
1.08,-143.19747671999647,961.8486852839725,1.3379949840303393,-2.5370718636431184,-1.5755421982102757,1.1553738960865878
1.0899999999999999,-149.81411869223447,993.0815250391503,1.3324720006197976,0.006152988962667139,1.3177316101079044,1.2323097970331882
1.1,-143.32065415700995,1050.8533361752734,1.332071196298949,-1.082147036249476,6.029383636250496,1.7391040998786154
1.1099999999999999,-139.76001764115625,1051.7965838323598,1.3326998283465161,1.0550399574007834,-10.00469776157111,0.8372776646838429
1.1199999999999999,-132.29488025420002,1093.7959844213026,1.3245768864356524,-0.7482713974327626,6.94629834445705,1.0126883805730496
1.13,-123.2113008598641,1082.6929589220094,1.3230194466194254,0.9065623503899936,-0.15939646465920165,1.0296545394350136
1.14,-111.69806647461678,1070.341026073061,1.3295238135237972,-0.2572823731473435,-4.07609864284947,1.0176158994691242
1.15,-104.60240376911031,1074.044474921595,1.3035331628883724,-0.39207394613865876,0.7659915827818148,0.8111554240022245
1.16,-92.36963791383116,1021.900779353509,1.3117652106378586,0.8683850271513274,6.178599640914027,1.9664642345404793
1.17,-85.69796585977502,993.0415360357467,1.2813750538105753,-0.5156663718505095,-9.793962028218884,1.4550021308623133
1.18,-75.69697836603106,974.224839922331,1.2857945262761206,-0.9897993757147501,8.270183781121197,1.4001291872983306
1.19,-69.52780028126223,921.8681088820515,1.260257238948357,0.6910151658138137,-4.422299943707951,1.397372551698596
1.2,-60.54263660600948,888.7841258697956,1.2866978359608765,-0.7947072620886562,6.696032658418885,1.4031150719818724
1.21,-51.28841250471105,887.4818310643648,1.2681475351209612,-1.7013409990642927,-10.286044237461127,1.4152630400566844
1.22,-48.92547288384434,833.8154961668123,1.2759061715534077,-0.05202832852284811,13.249046140682484,1.4352223702546023
1.23,-38.71985598771474,819.7701544542049,1.279979020559222,-0.5763431928664368,-3.307405531614476,1.4547242965906764
1.24,-35.94337861677782,825.159780231245,1.2820831123093772,-3.7334856675469736,-6.985496155572621,1.470383532150929
1.25,-33.953704862339514,790.0304645867618,1.2760542315455232,0.20601331265520462,18.28380078243663,1.5023270998088154
1.26,-26.389838954273063,795.423476520777,1.2899797530067432,-3.260271464054118,-9.003922287962812,1.5151411692737622
1.27,-26.39566675774955,802.7102187706294,1.2847565652063528,-5.2814117048807585,2.20927621183365,1.5412435161690752
1.28,-21.328571549449137,794.322158092872,1.2910737990778756,-3.331691881283048,18.836923592461613,1.5678371907344881
1.29,-17.83140595547,810.9063814438236,1.2872755772012856,-11.368091952292819,-5.5819470054449525,1.579434872414404
1.3,-10.912780627333747,810.6246690633374,1.3028062827539848,-9.534870307047282,18.627021593917807,1.6163227973317618
1.31,-7.973483519303412,846.583939465129,1.2905705333285762,-9.91850566651317,10.481418918932746,1.644670878974455
1.3199999999999998,1.247446299454817,839.9697801973804,1.3017606313755348,-6.751941488786488,0.49924260206464854,1.687587458541445
1.33,8.090190961519879,871.374832699988,1.3021549655522224,0.03152553787598533,7.366687739823066,1.777010817161899
1.3399999999999999,14.644198376596371,898.6029232691934,1.3071150221687744,-6.758740941770512,0.3646677936990992,1.865837585698118
1.35,24.022923844984373,906.3265481303081,1.2981581938695783,0.6063619486253038,4.885611066969547,1.9296824286093375
1.3599999999999999,33.09984273161208,930.561158189169,1.3157295498287593,-3.223288357733902,-2.6006761722745786,1.9893058484513637
1.37,43.72704034080304,971.9977747596012,1.3067472867985293,-5.265728163179477,12.712476198610418,2.010408623373481
1.38,54.8343468051716,961.4005920401587,1.3063786943649875,-1.496587962923293,-7.146263605583064,2.0408081810412937
1.39,67.96991724392913,1017.9820159939272,1.3173138477561446,-4.734830948351117,10.950363727658367,2.0592641179824094
1.4,76.23691916439789,1004.0885120453675,1.31144934769492,-5.540804565927044,6.891840153194057,2.0701103581470948
1.41,91.25668271667304,1047.739164817843,1.3149196629726614,-5.66350947939809,-4.4959857117711275,2.08204363905452
1.42,100.65929416039704,1041.4579049161518,1.3158992719951714,-7.036530567260853,19.662845714276575,2.0898535337263358
1.43,118.44272551469383,1051.0514287510105,1.3264193346666115,-12.771998431538387,8.682686135185804,2.1006059454458814
1.44,127.42664002166426,1063.1384222949048,1.3144862568430755,-8.342084842163649,7.374597434552211,2.0675071823752615
1.45,144.49643838933318,1041.9608054142145,1.3324088270985417,6.500850518225222,55.75217319516976,2.0259748884784936
1.46,156.5624567762142,1026.2630762627496,1.327179609573165,23.85884093820286,78.94313394659494,2.03145494891172
1.47,169.12112478264692,993.4025362313565,1.3359620681102617,28.584732833488975,178.4086658308571,2.035408951979747
1.48,182.2947900940763,943.6830765416556,1.3359110485961168,24.38908936654275,261.0708122580007,2.047929232547462
1.49,188.23939688958265,850.6857077973468,1.3503197160116502,-2.68205226889711,366.9763120834913,2.0543271926257174
1.5,189.03833687103352,786.9649804686584,1.353496404277135,-25.539626673875112,455.08467442243676,2.0292554889095387
1.51,179.7260284404071,641.7794170729026,1.3663099685355964,-60.584448441934576,578.8414703676874,2.0051617475571137
1.52,158.3221732471296,540.200272180682,1.3846492368418775,-86.79297418209741,682.0847495762375,1.9838658498185577
1.53,127.9122346971334,380.027377456801,1.4069558178599593,-109.38291222932122,732.7247485425876,1.957266852732383
1.54,83.92954113030945,290.28701811213756,1.4300978218805371,-126.62543870656249,847.2410546115706,1.944468948763238
1.5499999999999998,44.607514227469075,148.98845473057415,1.484366722402425,-136.34645707123516,882.5908536601197,1.930069335873927
1.56,-6.671619531171752,1.32475757952295,1.720225802485466,-147.18524749946414,943.0565382781728,1.9215396698572653
1.5699999999999998,0.9973115922809391,8.913390198860508,1.8016978275223865,-145.46875136585183,987.9587425381635,1.9132040059587965
1.58,-1.0756331235398224,-3.7569629958081068,2.0196808458428244,-146.63894868685333,1036.8964369594944,1.9149729638086828
1.5899999999999999,0.12125646747097305,-2.4228855756042953,1.3068213767561847,-141.58987823661008,1051.4036573983767,1.9110310074193935
1.6,1.107406570940126,1.2753109463022168,1.5633686582989896,-134.3559437110039,1080.6905238063086,1.9067364989431557
1.6099999999999999,-2.014853976071194,6.4791409756798535,1.6105527964149116,-125.73055541027695,1086.391585715785,1.9074314832025387
1.62,3.2560170735180547,-12.627298170272743,1.6196269626789874,-116.3165619766507,1089.7077353102522,1.9041814486704987
1.63,-3.6167468531032645,9.541618761208879,1.485345405226714,-105.13483563360597,1049.0224077604933,1.8950748660908079
1.6400000000000001,3.4817654503529916,-1.1299305746009856,4.124561594709927,-97.78253205106138,1057.775850468644,1.8882924592161507
1.65,-2.686570039509614,-4.672408770631857,2.0840620856145966,-85.37581505540713,1003.5520929802017,1.8743102220090266
1.6600000000000001,1.0539700098644569,5.737496774107723,1.9833878920791035,-80.35549200311218,961.5474926361126,1.860163285406985
1.67,-0.5226142182201032,-5.174284379076926,1.9790618043903978,-70.58386185497052,953.0414995133459,1.8512084972122418
1.68,-1.000848712861535,8.93120498823231,1.981456050114962,-62.77582938512681,899.3544899536706,1.8563169654989389
1.69,0.021063790119544068,-10.043115498767813,1.9865753379556519,-55.16978927598782,878.809241555272,1.8541623329887387
1.7,-1.6911230114710463,7.9888085510211,2.0132262186989696,-48.871877351247846,848.084158102718,1.8527233829441323
1.71,-0.21659419388414436,2.144037033196557,2.0191906507883384,-41.15971369911401,842.8727455906446,1.8596388602404568
1.72,-2.2144023094313385,-4.208648917397023,2.052747995180194,-38.539761033195056,802.5687585752137,1.8605802152555218
1.73,-1.6652927656578869,3.99108384938027,2.0657664882748255,-32.022318903183454,804.7235810275736,1.8567671746998409
1.74,-2.061804780036603,6.9664855351414685,2.0881210136173918,-30.272531893454193,806.80685953577,1.8668925849417208
1.75,-4.661290468624818,-1.0726256524509465,2.1205832567979326,-26.744086012984592,788.3202266712319,1.8666955396582663
1.76,-4.352070723642898,2.9189839441814547,2.1314705985147495,-19.947254889095138,793.1319750606089,1.8654867931503363
1.77,-8.89117663646909,17.036166070989566,2.155326709098887,-23.45274180686095,818.4869340564476,1.8725114150756765
1.78,-9.981346501396295,3.3162874752296334,2.1918956464388533,-8.608956075221343,806.5164690261979,1.875001012520977
1.79,-11.535229393598708,11.395446438161434,2.1991663965790194,-11.335009394472754,823.4181769222661,1.8751508761254698
1.7999999999999998,-5.328404744242477,8.118468386820261,2.26248593275625,-1.5787149729070773,856.0662076757332,1.8757381413887302
1.81,-4.071070570824003,6.380634128529415,2.318745333865455,6.723112525772864,863.1928773748863,1.8877344583661577
1.8199999999999998,-3.59900241688222,-4.429197794339178,2.4156840814689113,12.662612790133936,871.8520453986259,1.8771072921869019
1.83,-0.6149126662746351,6.372688502832343,2.5025932779833004,20.19555927892794,923.1347974715545,1.8871540039639054
1.8399999999999999,-4.121058094032578,7.495321924302022,2.5495014251626427,30.25236668479964,918.6785761771401,1.8886749905000026
1.85,-2.9569249747149455,-6.592635882626158,2.5887673868058885,42.58017868742401,951.148802577354,1.8870230591060402
1.8599999999999999,-3.4938383674701154,9.395987240172229,2.614192867129303,47.1832658759406,974.069445014829,1.8882755471739572
1.87,-3.4568183591014683,7.676047423676489,2.63014919501159,67.6860378451566,997.5297353083628,1.8949320805982437
1.88,-5.56529831482654,-6.885161871894533,2.648182785051355,72.83949222039926,1013.0701425972857,1.8893637089043205
1.8900000000000001,-5.13784490611203,20.135775965987836,2.6593566103399553,84.6412768752006,1023.4993350141733,1.8964480089271825
1.9,-6.579762386624356,-7.2442363250320545,2.667151420824597,100.26073892809146,1057.7364874996556,1.8955500129968814
1.9100000000000001,-10.79695697826077,21.559296159329612,2.673068655412866,112.13864224999091,1045.8076073945683,1.900354425075458
1.92,-11.527753791868262,12.55714609237031,2.6680529960649744,123.79079606255692,1046.9660860839683,1.9006465267773247
1.93,15.513227883144468,36.56553755002591,2.5876190348072106,148.31580568791912,1061.1969256117732,1.9001941214378464
1.94,25.200827956530375,134.25471390103607,2.602660775103236,161.29109770537482,1007.9675121328758,1.9036497058596014
1.95,29.314957457267482,182.4922957016699,2.619615378132056,171.433094141466,973.5229256729367,1.9080071843386393
1.96,19.157414550586264,292.62715193205366,2.614501832001548,185.7249268808321,932.4811187883795,1.913771916325629
1.97,-10.586640585511782,402.9371635757303,2.623025726192451,188.72441192274022,829.4822005394432,1.9203390450059226
1.98,-35.78596389705297,487.3561382954107,2.596299272170825,187.06429298236375,733.5015570823222,1.9329190421846931
1.99,-67.65712041385336,602.3404909624142,2.5714080222799387,172.6753082631524,628.8409658923039,1.943971432679865
2.0,-94.93345200413059,707.1973406053211,2.5425435885496275,150.31181747073694,480.22665668772856,1.958374587833283
2.01,-113.63166342188347,768.4764999889986,2.5312769372046118,114.81539948177729,359.66427801346657,1.9924972387214712
2.02,-130.6237630088873,847.9947968609978,2.5134689492825193,71.10064985174276,242.13114570033366,2.0117970250905426
2.03,-138.28637849612062,904.2301829590548,2.4890094416530095,28.312563690564186,107.58471366428005,2.060197956351124
2.04,-148.72505623447978,968.0040367978328,2.5027720596966483,-3.098675685297706,0.35342816639350394,2.3130529348194044
2.05,-144.7847645124275,988.3475543153289,2.4786670974507183,-2.288653445292719,-2.6869691334035837,2.377547437012458
2.06,-145.36258159131378,1040.832667151624,2.4838114029827176,1.610293576715899,12.190177132577048,2.893982054189639
2.07,-140.55249290240965,1081.4242069801078,2.485990097057272,0.19518599225897998,-16.46532711864705,1.99122602072851
2.08,-130.7966056223764,1059.7458801104256,2.475815505616033,-1.4658068370422959,13.41482675292258,2.160710401728119
2.09,-123.91844471906582,1096.5407688691023,2.478761953303406,1.277519199155087,-8.113071010466061,2.1847503636381442
2.1,-111.29304943028222,1086.5074769083765,2.472259102559855,0.8020533069700281,5.013868279177607,2.168281480498349
2.11,-105.83857563775277,1044.734866097464,2.466778380386463,-2.069941057651454,-5.702014973330938,1.962695110373563
2.12,-90.60237833011863,1035.6054214292515,2.4570763099427966,1.7813421950421102,6.799998092778256,3.121477186858372
2.13,-86.23325871123266,1008.548832171316,2.433718008467742,-0.32018797545816335,-6.63058627190411,2.6010533915254435
2.14,-77.48491855220038,942.4601063736211,2.4382640106813587,-1.7378800628906381,7.00100182093488,2.5586841579886097
2.15,-66.64360697270197,945.3490024256441,2.417701122750554,1.787467569603234,-6.85669847035325,2.546778370995597
2.16,-61.94739355725519,885.4582500932116,2.4269927538949227,-2.6321726007292434,6.693903315689514,2.5510716434576124
2.17,-52.68328465115176,879.8709993623987,2.432033658773433,0.6699231319952395,0.2334824203818986,2.5752135819257607
2.1799999999999997,-46.00774824718077,835.5750983250155,2.4212682154921508,-1.4269485514806723,-7.085999624225916,2.5819703982565696
2.19,-40.63651975572464,829.8441589581766,2.4339433585134396,-1.7771066548546952,14.482786151861273,2.6043755788881504
2.2,-36.31491427192686,811.9818445784233,2.4325986695129855,-0.35895155016555447,-8.387981874162751,2.6314866977443057
2.21,-32.252636451059956,794.4637617958361,2.430758076593372,-2.8024945755896793,1.9565207740939072,2.6437493776226426
2.2199999999999998,-27.46699960806505,802.8556178717636,2.4403994574856833,-3.014990213438481,10.540895913125308,2.6741840720417778
2.23,-26.954894042836557,788.7665797985081,2.4355392364580366,-2.759995633651946,-1.6660081079906952,2.691257474214643
2.2399999999999998,-19.76700033687543,809.9369522358668,2.4439500417212185,-6.5448878845806355,-0.386588995677406,2.7183060806671655
2.25,-18.94807926805768,792.6800655186512,2.4441608502272545,-9.281337178761575,26.83999774630955,2.7339537057776857
2.26,-11.267324665323558,833.865343318859,2.442827917121589,-10.390743763236038,-8.233183538163402,2.7670950768984652
2.27,-6.123507705586694,821.7873111722884,2.4569163975336092,-9.64879189405443,18.678029517786676,2.7950889478532406
2.28,-1.2914485494089165,856.6172399676282,2.4425059596478627,-6.1449610852538985,9.80785331676606,2.843724645940946
2.29,10.200710167285074,870.7592932582947,2.462257983731696,-2.5053214695703554,-6.827169204675034,2.925169126035939
2.3,13.76860378593296,885.5507082410548,2.4496961461740603,-2.4301991986312435,5.963324894437064,3.017383915279999
2.31,23.72125032396686,920.2082238393783,2.4629646296382885,-3.20352127195236,12.153462440633389,3.0880394022393096
2.32,33.58939220805937,930.634146156733,2.4560208363566454,-2.6034434737410375,-15.38533494100064,3.1319019294697625
2.33,44.21928435867063,951.4928026858129,2.462659574815034,-2.535755553354732,18.92844420439353,3.169853192890166
2.34,53.12880525896288,996.2074595181859,2.463140178357105,-4.697713755360178,-0.7805255962172382,3.1898080878436343
2.35,69.81175401487938,983.4788658926967,2.462743875539111,-4.241348250050618,-2.60553305803713,3.2116187288386024
2.36,75.68418005800312,1024.447771334051,2.4642431890603946,-2.996915332680696,16.64146208315724,3.2215107511392747
2.37,90.1891581114733,1046.3072365230057,2.472092292162731,-8.546628944481316,-5.91215091787551,3.2348616724365233
2.38,102.20535973028899,1030.4460550754814,2.46380845649926,-6.701940195098145,20.497574387355712,3.2432379644762275
2.39,117.84463066904175,1062.0200440487947,2.4753392064678676,-10.158783442711428,-3.599514489151357,3.24873124895244
2.4,126.8802362387626,1061.4975225875849,2.4751343832330557,-11.946257476520191,32.90194870752747,3.221739955540507
2.41,144.97548697988094,1034.6604306581783,2.4771852604084215,9.059889556426612,30.265036071740592,3.1819689995228377
2.42,157.4172489577175,1033.7426455622244,2.4809070482151174,22.767695063713067,87.91880790678546,3.174319976701899
2.4299999999999997,166.98866727736947,994.9544515476466,2.488305112582401,29.04497345289995,188.7487228041259,3.1945205332723168
2.44,184.42043759660433,931.1055285942493,2.4922476873588955,23.787080196183958,245.20161780091487,3.2010416509730217
2.45,187.24596066374116,868.3606203880394,2.491024946120307,-1.7951131939904725,373.1438940756294,3.1987482504452305
2.46,189.06173421730986,771.5874518935669,2.518947819758539,-26.61884681926436,458.8216804667326,3.186982658827173
2.4699999999999998,179.47311234645403,653.0430089732497,2.5095774661423884,-59.36985779649429,578.8625788428227,3.159396674262998
2.48,159.87045216917414,528.5999337136442,2.538364728303941,-87.78140592408863,668.1435226234528,3.1281554625325017
2.49,124.92697540263607,396.5674598056177,2.560562838876965,-109.45747242701967,754.4772879142929,3.114590506620999
2.5,87.76492649048855,270.5162152791085,2.5826829590296745,-124.87832189470008,832.8416711417764,3.097785607534595
2.51,40.61940595821971,163.98595011503886,2.6307251019828226,-139.21850848299107,883.556843851551,3.077843708477779
2.52,-3.082322330308987,-1.386659988337354,2.882413293135784,-144.78677206414142,946.2423922305744,3.0738675989403847
2.53,-1.6584500027239388,-0.737413920815968,2.9409852555499065,-146.01103688054462,991.5430546511033,3.0706814650208845
2.54,0.14580026996585338,10.704732341448324,3.1844966427519186,-148.01450415675407,1030.1935205241462,3.06044270185164
2.55,0.46741106950695327,-13.328145611673941,2.448998547291338,-139.36471227709964,1046.1764606317768,3.064992007849472
2.56,-0.3876530349308139,6.5094906896391,2.719039019545067,-136.28123333489077,1103.6733992963393,3.0619839765797856
2.57,0.0030845678810182964,2.428345632375931,2.765817308493092,-124.73031681617515,1061.8191608510297,3.0546163193176974
2.58,1.023997839692458,-5.130517302577365,2.7647329993103646,-116.0582979322556,1090.9816497238487,3.0598358784218105
2.59,-1.1303901866287152,0.15486007506211258,2.6423619089531916,-106.89523980314044,1078.0780332974525,3.043944188131213
2.6,0.8646036397599652,2.993911972013617,5.276813487034949,-94.83312922640611,1018.700116550771,3.0439071018439123
2.61,-0.554100143285329,2.2952138483804596,3.2315157669843444,-88.23243388779183,1024.742210314649,3.0242774293046124
2.62,0.08665082697903173,-10.999619867740188,3.141121127138675,-79.10170390087276,966.3303996340335,3.0091509322069685
2.63,-0.707368899015179,14.400062788744037,3.125592278983513,-70.03508751191532,938.575190373687,3.011007093560607
2.6399999999999997,-0.486938034389876,-7.997335915789353,3.1394127357982673,-63.45764310665787,904.7804286208025,3.0012465896042593
2.65,0.01504467625947592,4.766765505201021,3.132393288266073,-56.459577229358906,882.2006085851946,3.006857482430059
2.66,-2.2222032415529376,-8.18613212576636,3.168128024261878,-45.17894614991228,850.9526644998857,3.0098798772506083
2.67,0.2337348329733746,19.309869725755767,3.1755394921467652,-45.54992989342183,826.4740595329881,3.007143464846436
2.6799999999999997,-2.3039353794522217,-16.1441760769598,3.1941223074350917,-35.59317925700208,820.0607442954822,3.0108417232014117
2.69,-1.2861564512436505,4.615228058597419,3.227404453262216,-32.832780809197985,804.1552835060272,3.01552027653383
2.7,-3.708984333654544,16.22278416412299,3.2393145448349774,-30.855896339365376,789.5507095254288,3.0132849822670997
2.71,-1.5864051675897097,-11.617719453783103,3.263798741053403,-25.40999880670876,804.3154866759793,3.019133928938269
2.7199999999999998,-7.87431720049272,7.746031018027908,3.2940842772329053,-22.31139661222103,796.2513600567511,3.0202287973785644
2.73,-6.116449982072293,15.670157516279993,3.304301642038351,-19.828957702845667,799.8155658068357,3.0231106948747803
2.74,-11.693559289827403,10.194606645760324,3.33670613211452,-12.431990996279037,820.4780396335861,3.0260248603351028
2.75,-10.342853103242096,-6.045079773060126,3.362772903975194,-9.110770709223653,827.5733652258353,3.0269910592879707
2.76,-6.34463929505946,30.327687288072525,3.406397243914511,-1.6612001044964,841.6048868897469,3.0322284594869124
2.77,-3.8152260365975073,-9.013705010134435,3.4724980908992005,6.230404284984935,869.7401903384713,3.032476390769183
2.78,-2.1529618572604132,-1.3820618712029291,3.56883781140283,11.808863115716365,880.2016160448032,3.034323103599533
2.79,-3.819663048221342,9.746825085387137,3.655311103282433,22.175399321722693,910.6935799340548,3.038586728241034
2.8,-0.41156075461586417,7.900655862197333,3.697617450965456,29.56595516273184,921.2952386530958,3.0388760644120634
2.81,-5.55304118934739,-13.788742206375245,3.7455818272798465,40.20276201325777,958.8620441471554,3.0391015451292174
2.82,-2.6998588888745925,16.84501258776797,3.7627428115712105,51.20144345287192,967.6384542713249,3.043031410076233
2.83,-2.9690258949443296,6.582438943354427,3.7843384127033572,65.65240144897537,994.3508659969877,3.04391575229136
2.84,-6.454323683594568,-9.055153874508694,3.7974484724594904,70.82179014972257,1021.8830447800187,3.0421184137697526
2.85,-4.2407754013835515,15.231058953323462,3.816104537618375,88.84775751121137,1017.392306852334,3.0491766695698455
2.86,-7.5246535647764095,9.319949610403647,3.81221017806086,97.8411834912539,1061.4380468607526,3.0483378528595058
2.87,-9.923467122288198,3.1293014215405703,3.8333062532379674,110.79131316510663,1035.432427378878,3.0484717304244766
2.88,-11.899383635509729,15.794419756037783,3.812326240988411,126.96901531867752,1068.573549916853,3.0581694022732986
2.8899999999999997,15.146446700688116,55.92453537292491,3.7443462308061504,146.92422288279104,1037.6643522277543,3.0475704976703444
2.9,25.973423522562893,103.53379450884435,3.7546766061549746,159.31549331323404,1017.9144142489791,3.0583022372554494
2.9099999999999997,28.659246041715267,203.94823799812173,3.767926006657961,175.1879214376374,982.1843943115625,3.05889308600488
2.92,19.632388629367753,291.8112752785209,3.7700081590139454,182.65923371127315,916.9605354568965,3.065509440644193
2.9299999999999997,-11.229760863684266,390.24893984844124,3.7748933660070794,190.42735351980232,834.9057070713585,3.0746152546967562
2.94,-34.993999312886515,496.73279195277394,3.7463279672700374,185.59995236352233,743.959409830774,3.0808364399581367
2.9499999999999997,-67.80776832773061,606.0855664967825,3.7224710753891004,174.5959940313121,611.505836845371,3.0995058638327713
2.96,-96.17690893007887,694.6286684443214,3.7014917731572905,149.05556817039695,491.8191870635683,3.1104593301708072
2.9699999999999998,-111.55188272523175,779.671390331746,3.6738360284177194,113.71271524399764,358.14311464913476,3.1399910633479235
2.98,-131.58094354185246,841.9025398282645,3.669517611934142,74.55556397353838,237.77672069426285,3.17013746739396
2.9899999999999998,-140.2086973379435,910.0241969251435,3.6467687966302287,24.62937351952207,113.80885494244575,3.207937581279665
3.0,-144.15554310174682,958.7294326428337,3.6434208712791873,-1.3472792210001827,-9.456228060393915,3.464867622505892
3.01,-149.7719598172823,995.3734918187215,3.63827576865167,-2.141459790910355,14.544606994231952,3.5342001877542177
3.02,-142.2978306455126,1047.1453214839357,3.63768817808128,1.627829873610891,-11.73349509307726,4.038011796828761
3.03,-141.04721157289094,1058.7481179485976,3.629057821924868,-1.6962314141000276,7.891224175288332,3.152951843427645
3.04,-131.94642205580396,1086.1183196505478,3.6372014342408185,1.6469494791214387,-4.978955152559572,3.3037454075724604
3.05,-121.99193173306698,1086.479115893055,3.6245615417080694,-0.5138306199845762,2.6395787419242285,3.341557547507488
3.06,-114.21377824181087,1070.7444078607527,3.628350099593296,-0.7594362708859409,-0.5065575045757507,3.321626614665342
3.07,-101.44061983655702,1075.2354010496124,3.615820809016323,2.4333921784654065,-2.6882652284903656,3.109197694060074
3.08,-95.68852990384147,1014.0024809396442,3.6077209450589276,-3.0637791916597896,5.038707930945867,4.277918734744222
3.09,-82.65595574934709,1004.2646193493175,3.5957546489513383,2.068813290041778,-5.16233392651445,3.753476540543175
3.1,-77.71128950866046,970.143681166488,3.5728598164892995,-0.5881777428087129,4.357265366588118,3.706924371021172
3.11,-69.41452865141082,911.8485037003496,3.5857106355214317,-1.8198890013336089,-2.6924637834401097,3.7004697223421497
3.12,-58.567420536440494,908.0522110450099,3.573634530926075,1.213146106697343,3.598326002469562,3.706845811537135
3.13,-54.361440984815935,871.9913107714196,3.5777925929588617,-1.5845673334996526,-1.9946383264616627,3.7205985932153887
3.1399999999999997,-46.33800221859705,836.2050630529927,3.5828170822624723,-1.1930850075111301,2.441992357347278,3.7372969352962544
3.15,-39.870408648419875,828.7320689744313,3.5824621960658853,-0.9499927508649189,0.7361462471736111,3.759500102497375
3.16,-35.905870007028724,813.5555757286071,3.5800768772539753,-0.7737869646410934,2.738286342520081,3.7769801613546905
3.17,-33.92009912155136,798.0612029960181,3.589463691247325,-3.689705866378084,-0.43704327750103067,3.79988811059396
3.1799999999999997,-25.827300816671197,790.8249172204377,3.5901252023670196,-1.073187163087705,3.1315804243536167,3.8265696184378775
3.19,-27.363784260979443,805.9184662456009,3.5838435727666966,-4.717768218936701,10.320466211127883,3.841699757203929
3.1999999999999997,-20.53383439510624,793.9693869182323,3.6028564243786807,-5.512937998553094,-8.227241552197398,3.8685747491233786
3.21,-18.18616267765397,804.310000864915,3.5885197031970284,-9.196990398760075,23.99045076405382,3.8910611511121265
3.2199999999999998,-10.849005866028222,825.3502429903732,3.603059389678319,-11.095168337021223,4.632542494940979,3.915208676229474
3.23,-7.8348876267786105,828.284824624134,3.599994882671907,-8.941472014997514,3.5793519271779273,3.9455439229977043
3.2399999999999998,0.6063315981566619,854.920384529869,3.602385180809352,-6.570840189637872,18.895665086520058,4.001823799601064
3.25,9.618484731128957,863.5608543084096,3.6096297878351025,-2.323096063210569,-9.280247556305234,4.071797574359959
3.26,12.360418686428785,900.6052390849153,3.6031791508736566,-2.4361022609192275,9.861807510221755,4.169342127231084
3.27,26.24688202737832,905.816874348942,3.6142082192314127,-3.4539030562282393,-1.3114000899579845,4.24565448811294
3.28,31.90529372267966,934.2219195505055,3.6097517936613506,-1.9765574655516804,5.388468800278126,4.27637218489774
3.29,43.49576032086531,961.5000026881961,3.6128183790036723,-3.4511868599749786,3.9025539641579527,4.327558640512952
3.3,56.097611965041054,980.1244663083705,3.615713341268792,-3.949251178600034,-3.6312206124917417,4.339119285910838
3.31,66.38531338775906,994.058113059009,3.6142313989172092,-4.082626275280832,17.09295232487704,4.3641799346589485
3.32,77.78671296735395,1025.682801772541,3.619907593248922,-4.7048679024277105,-6.473860377507417,4.374089393096987
3.33,89.51108843596126,1035.9430314331246,3.616216483177685,-5.318900796556206,8.161455249147568,4.3851966928205135
3.34,103.03482023392795,1042.3908952573383,3.624487923482237,-10.382363332685554,15.707998418441193,4.398366593702154
3.35,115.41285507978108,1054.2748456626728,3.6224216108475287,-7.776271568521297,0.578314424561519,4.39618036120807
3.36,130.42231205440737,1064.07085855936,3.628088643900155,-11.731682270030772,24.90786960533343,4.379040728511885
3.37,142.68963527418978,1034.7290410478597,3.6273022063686104,6.542066449216243,35.62618616798813,4.328959429935983
3.38,156.189151441919,1034.6670665272302,3.639843189896204,25.66493477030315,94.38192200204078,4.329932669385716
3.3899999999999997,171.85533127467912,989.8567317329182,3.631030637846898,27.949866222489415,171.27078841144657,4.345038305564468
3.4,178.15643669427908,941.4444715128421,3.6474781228683697,22.352098354763065,261.7185548972223,4.352726925140898
3.41,191.9081672825782,855.7840984331747,3.6519465524909287,0.9638834992605826,368.29914429443465,4.351173129152372
3.42,187.8076288701052,779.7878783631921,3.6524636326767568,-28.782559538716065,453.5743840810923,4.340506714982645
3.4299999999999997,177.5926132446108,654.608986549875,3.680330110359768,-58.72570767021949,584.1700038250855,4.307370724778931
3.44,162.9445759031984,518.7692195928362,3.679074614344675,-87.49029400162084,667.6908292103162,4.284735368858819
3.45,123.13518290959398,406.50525993213023,3.7162541290804096,-109.64533306906353,756.0255111245395,4.264625291006155
3.46,86.53905491969364,267.5926210297111,3.732860359295511,-124.95999540299098,823.1190514917669,4.247478348424285
3.4699999999999998,44.88224403091643,161.45292985138747,3.787564250693269,-139.69318393566402,897.0866589351689,4.234868492204702
3.48,-8.588544630143423,-2.173403043084149,4.027096016483503,-143.04195736949333,942.5891188109161,4.22188212439767
3.4899999999999998,2.6475395757289593,9.458653048695378,4.098127510129236,-148.66841962084348,978.7954887545285,4.222523562587391
3.5,-1.6669910406077586,-4.988345462772408,4.337495466110538,-145.58456324752123,1047.48652106963,4.216933324263033
3.51,0.5342227621778437,-1.8801013174176215,3.5940799171378406,-140.76588684890635,1044.939133013605,4.2109319233665286
3.52,-0.4940562362776796,3.7332894615379555,3.879689119875026,-135.7564711942531,1081.4534633028834,4.217722790726152
3.53,1.0238466344245103,2.210038097129301,3.91260461102073,-124.98437866374309,1091.8681892570896,4.208025207352859
3.54,-0.1046774855546421,-10.088134201980495,3.9157716373155442,-115.84061108630394,1077.2828275291477,4.204940702793496
3.55,-1.0722596487512583,10.169295688752445,3.800048270335354,-106.89158585531504,1066.5213513088456,4.2059046224771475
3.56,1.621215510140228,-3.302235781902784,6.422840322047742,-94.96303444704063,1041.6863174882474,4.18709113435204
3.57,-0.4760416460124863,-1.64361660695346,4.386169635422187,-88.67898507656605,1010.5054026475007,4.180025597057814
3.58,-1.7886367188923902,-1.1814833322091662,4.292943489255891,-77.52653868087856,966.6760970954681,4.163822576594136
3.59,1.5836603172304669,8.956005378067497,4.280245468129735,-72.05263380267432,939.1566229749287,4.156046040986298
3.5999999999999996,-0.5100967815478564,-10.211077913655771,4.282217701336686,-62.89490465913541,917.2301886324914,4.160301954928224
3.61,-3.3196780037100226,6.461569264547438,4.298059772808794,-53.954356994941236,858.7105567759138,4.155105318514813
3.62,2.4914615202307977,-0.03613599758560937,4.309906477879071,-50.48619880662362,869.4033416936128,4.1617811172212
3.63,-2.664127979972891,3.64298334117379,4.327110739270718,-39.59075756703035,825.908333871946,4.161095428116381
3.6399999999999997,-2.3417753274813626,-5.870745525011958,4.356935755541679,-39.873546044905225,806.1263913014925,4.161505179831353
3.65,-0.3270951930622321,8.526106865733496,4.366091387343296,-30.987963559273542,817.6098784337809,4.167142854411375
3.66,-2.801764076866731,4.337754922927944,4.398187757032718,-31.219474514275603,787.5823683831011,4.166811479939808
3.67,-4.859468692906881,-6.4427598391323855,4.418762616506245,-25.259868133714473,797.0514207597138,4.169804088472304
3.6799999999999997,-4.334661678280679,15.752829120571597,4.436172485475978,-22.531608906390666,802.5536866984837,4.172134966421349
3.69,-7.807802922071572,3.4266832890114136,4.468016419430218,-20.122075528117808,800.4966393832335,4.17733205371389
3.7,-11.72024403292367,12.860801046253084,4.479363888663525,-11.315675716699785,816.6013445419762,4.173731769111814
3.71,-10.28611399859913,4.159784141308084,4.518318654310269,-10.414316141402175,826.2072290516998,4.184266791737702
3.7199999999999998,-5.724273586715995,16.698006543962308,4.563959000181911,-1.155246567977376,852.4961805724189,4.179947413382282
3.73,-3.79957729950646,-1.819138278981149,4.608892365635013,6.747327325047166,852.5660220141347,4.185857233623634
3.7399999999999998,-4.2815782763992125,-2.8829590906435065,4.741970975099917,11.089388324834577,896.7123657028964,4.188437618136879
3.75,-0.379699893656253,13.85468479671267,4.789282387258562,22.08747831030174,899.8904353827744,4.186082938052578
3.76,-2.234098487895179,-3.091248324720833,4.858257786102306,30.677930969945425,925.1246636435623,4.195857707157342
3.77,-7.541206049446007,-0.49311062047010923,4.897025448133178,38.65804239859321,961.7300898632077,4.187072904027465
3.78,2.156957267804284,7.694743735759536,4.913795099605329,52.6241931076486,957.3033482099987,4.197613183022994
3.79,-7.416839277001081,11.467126649757843,4.934717973724669,64.27700490405446,1013.5743796064039,4.194899482120304
3.8,-4.907770317084363,-14.106479010519536,4.950891868826323,72.47476127045302,994.7817361540489,4.193240247642428
3.81,-3.234560523319607,20.826911163712616,4.972012241540823,87.141503130813,1046.6015881266783,4.2042052718208325
3.82,-8.878853379005989,9.716206840707788,4.955113865234193,98.7361046074023,1038.8694659213375,4.19578638305718
3.83,-9.738874001354024,-9.237802666550124,4.992710470728484,111.3136882552636,1045.321945320592,4.204830430873114
3.84,-11.284096074262258,37.41845304455778,4.965006305233248,125.5819102321475,1069.5611765558222,4.207875546858775
